{
  "None": 0,
  "WoodenArrowFriendly": 1,
  "FireArrow": 2,
  "Shuriken": 3,
  "UnholyArrow": 4,
  "JestersArrow": 5,
  "EnchantedBoomerang": 6,
  "VilethornBase": 7,
  "VilethornTip": 8,
  "Starfury": 9,
  "PurificationPowder": 10,
  "VilePowder": 11,
  "FallingStar": 12,
  "Hook": 13,
  "Bullet": 14,
  "BallofFire": 15,
  "MagicMissile": 16,
  "DirtBall": 17,
  "ShadowOrb": 18,
  "Flamarang": 19,
  "GreenLaser": 20,
  "Bone": 21,
  "WaterStream": 22,
  "Harpoon": 23,
  "SpikyBall": 24,
  "BallOHurt": 25,
  "BlueMoon": 26,
  "WaterBolt": 27,
  "Bomb": 28,
  "Dynamite": 29,
  "Grenade": 30,
  "SandBallFalling": 31,
  "IvyWhip": 32,
  "ThornChakram": 33,
  "Flamelash": 34,
  "Sunfury": 35,
  "MeteorShot": 36,
  "StickyBomb": 37,
  "HarpyFeather": 38,
  "MudBall": 39,
  "AshBallFalling": 40,
  "HellfireArrow": 41,
  "SandBallGun": 42,
  "Tombstone": 43,
  "DemonSickle": 44,
  "DemonScythe": 45,
  "DarkLance": 46,
  "Trident": 47,
  "ThrowingKnife": 48,
  "Spear": 49,
  "Glowstick": 50,
  "Seed": 51,
  "WoodenBoomerang": 52,
  "StickyGlowstick": 53,
  "PoisonedKnife": 54,
  "Stinger": 55,
  "EbonsandBallFalling": 56,
  "CobaltChainsaw": 57,
  "MythrilChainsaw": 58,
  "CobaltDrill": 59,
  "MythrilDrill": 60,
  "AdamantiteChainsaw": 61,
  "AdamantiteDrill": 62,
  "TheDaoofPow": 63,
  "MythrilHalberd": 64,
  "EbonsandBallGun": 65,
  "AdamantiteGlaive": 66,
  "PearlSandBallFalling": 67,
  "PearlSandBallGun": 68,
  "HolyWater": 69,
  "UnholyWater": 70,
  "SiltBall": 71,
  "BlueFairy": 72,
  "DualHookBlue": 73,
  "DualHookRed": 74,
  "HappyBomb": 75,
  "QuarterNote": 76,
  "EighthNote": 77,
  "TiedEighthNote": 78,
  "RainbowRodBullet": 79,
  "IceBlock": 80,
  "WoodenArrowHostile": 81,
  "FlamingArrow": 82,
  "EyeLaser": 83,
  "PinkLaser": 84,
  "Flames": 85,
  "PinkFairy": 86,
  "GreenFairy": 87,
  "PurpleLaser": 88,
  "CrystalBullet": 89,
  "CrystalShard": 90,
  "HolyArrow": 91,
  "HallowStar": 92,
  "MagicDagger": 93,
  "CrystalStorm": 94,
  "CursedFlameFriendly": 95,
  "CursedFlameHostile": 96,
  "CobaltNaginata": 97,
  "PoisonDart": 98,
  "Boulder": 99,
  "DeathLaser": 100,
  "EyeFire": 101,
  "BombSkeletronPrime": 102,
  "CursedArrow": 103,
  "CursedBullet": 104,
  "Gungnir": 105,
  "LightDisc": 106,
  "Hamdrax": 107,
  "Explosives": 108,
  "SnowBallHostile": 109,
  "BulletSnowman": 110,
  "Bunny": 111,
  "Penguin": 112,
  "IceBoomerang": 113,
  "UnholyTridentFriendly": 114,
  "UnholyTridentHostile": 115,
  "SwordBeam": 116,
  "BoneArrow": 117,
  "IceBolt": 118,
  "FrostBoltSword": 119,
  "FrostArrow": 120,
  "AmethystBolt": 121,
  "TopazBolt": 122,
  "SapphireBolt": 123,
  "EmeraldBolt": 124,
  "RubyBolt": 125,
  "DiamondBolt": 126,
  "Turtle": 127,
  "FrostBlastHostile": 128,
  "RuneBlast": 129,
  "MushroomSpear": 130,
  "Mushroom": 131,
  "TerraBeam": 132,
  "GrenadeI": 133,
  "RocketI": 134,
  "ProximityMineI": 135,
  "GrenadeII": 136,
  "RocketII": 137,
  "ProximityMineII": 138,
  "GrenadeIII": 139,
  "RocketIII": 140,
  "ProximityMineIII": 141,
  "GrenadeIV": 142,
  "RocketIV": 143,
  "ProximityMineIV": 144,
  "PureSpray": 145,
  "HallowSpray": 146,
  "CorruptSpray": 147,
  "MushroomSpray": 148,
  "CrimsonSpray": 149,
  "NettleBurstRight": 150,
  "NettleBurstLeft": 151,
  "NettleBurstEnd": 152,
  "TheRottedFork": 153,
  "TheMeatball": 154,
  "BeachBall": 155,
  "LightBeam": 156,
  "NightBeam": 157,
  "CopperCoin": 158,
  "SilverCoin": 159,
  "GoldCoin": 160,
  "PlatinumCoin": 161,
  "CannonballFriendly": 162,
  "Flare": 163,
  "Landmine": 164,
  "Web": 165,
  "SnowBallFriendly": 166,
  "RocketFireworkRed": 167,
  "RocketFireworkGreen": 168,
  "RocketFireworkBlue": 169,
  "RocketFireworkYellow": 170,
  "RopeCoil": 171,
  "FrostburnArrow": 172,
  "EnchantedBeam": 173,
  "IceSpike": 174,
  "BabyEater": 175,
  "JungleSpike": 176,
  "IcewaterSpit": 177,
  "ConfettiGun": 178,
  "SlushBall": 179,
  "BulletDeadeye": 180,
  "Bee": 181,
  "PossessedHatchet": 182,
  "Beenade": 183,
  "PoisonDartTrap": 184,
  "SpikyBallTrap": 185,
  "SpearTrap": 186,
  "FlamethrowerTrap": 187,
  "FlamesTrap": 188,
  "Wasp": 189,
  "MechanicalPiranha": 190,
  "Pygmy": 191,
  "Pygmy2": 192,
  "Pygmy3": 193,
  "Pygmy4": 194,
  "PygmySpear": 195,
  "SmokeBomb": 196,
  "BabySkeletronHead": 197,
  "BabyHornet": 198,
  "TikiSpirit": 199,
  "PetLizard": 200,
  "GraveMarker": 201,
  "CrossGraveMarker": 202,
  "Headstone": 203,
  "Gravestone": 204,
  "Obelisk": 205,
  "Leaf": 206,
  "ChlorophyteBullet": 207,
  "Parrot": 208,
  "Truffle": 209,
  "Sapling": 210,
  "Wisp": 211,
  "PalladiumPike": 212,
  "PalladiumDrill": 213,
  "PalladiumChainsaw": 214,
  "OrichalcumHalberd": 215,
  "OrichalcumDrill": 216,
  "OrichalcumChainsaw": 217,
  "TitaniumTrident": 218,
  "TitaniumDrill": 219,
  "TitaniumChainsaw": 220,
  "FlowerPetal": 221,
  "ChlorophytePartisan": 222,
  "ChlorophyteDrill": 223,
  "ChlorophyteChainsaw": 224,
  "ChlorophyteArrow": 225,
  "CrystalLeaf": 226,
  "CrystalLeafShot": 227,
  "SporeCloud": 228,
  "ChlorophyteOrb": 229,
  "GemHookAmethyst": 230,
  "GemHookTopaz": 231,
  "GemHookSapphire": 232,
  "GemHookEmerald": 233,
  "GemHookRuby": 234,
  "GemHookDiamond": 235,
  "BabyDino": 236,
  "RainCloudMoving": 237,
  "RainCloudRaining": 238,
  "RainFriendly": 239,
  "CannonballHostile": 240,
  "CrimsandBallFalling": 241,
  "BulletHighVelocity": 242,
  "BloodCloudMoving": 243,
  "BloodCloudRaining": 244,
  "BloodRain": 245,
  "Stynger": 246,
  "FlowerPow": 247,
  "FlowerPowPetal": 248,
  "StyngerShrapnel": 249,
  "RainbowFront": 250,
  "RainbowBack": 251,
  "ChlorophyteJackhammer": 252,
  "BallofFrost": 253,
  "MagnetSphereBall": 254,
  "MagnetSphereBolt": 255,
  "SkeletronHand": 256,
  "FrostBeam": 257,
  "Fireball": 258,
  "EyeBeam": 259,
  "HeatRay": 260,
  "BoulderStaffOfEarth": 261,
  "GolemFist": 262,
  "IceSickle": 263,
  "RainNimbus": 264,
  "PoisonFang": 265,
  "BabySlime": 266,
  "PoisonDartBlowgun": 267,
  "EyeSpring": 268,
  "BabySnowman": 269,
  "Skull": 270,
  "BoxingGlove": 271,
  "Bananarang": 272,
  "ChainKnife": 273,
  "DeathSickle": 274,
  "SeedPlantera": 275,
  "PoisonSeedPlantera": 276,
  "ThornBall": 277,
  "IchorArrow": 278,
  "IchorBullet": 279,
  "GoldenShowerFriendly": 280,
  "ExplosiveBunny": 281,
  "VenomArrow": 282,
  "VenomBullet": 283,
  "PartyBullet": 284,
  "NanoBullet": 285,
  "ExplosiveBullet": 286,
  "GoldenBullet": 287,
  "GoldenShowerHostile": 288,
  "ConfettiMelee": 289,
  "ShadowBeamHostile": 290,
  "InfernoHostileBolt": 291,
  "InfernoHostileBlast": 292,
  "LostSoulHostile": 293,
  "ShadowBeamFriendly": 294,
  "InfernoFriendlyBolt": 295,
  "InfernoFriendlyBlast": 296,
  "LostSoulFriendly": 297,
  "SpiritHeal": 298,
  "Shadowflames": 299,
  "PaladinsHammerHostile": 300,
  "PaladinsHammerFriendly": 301,
  "SniperBullet": 302,
  "RocketSkeleton": 303,
  "VampireKnife": 304,
  "VampireHeal": 305,
  "EatersBite": 306,
  "TinyEater": 307,
  "FrostHydra": 308,
  "FrostBlastFriendly": 309,
  "BlueFlare": 310,
  "CandyCorn": 311,
  "JackOLantern": 312,
  "Spider": 313,
  "Squashling": 314,
  "BatHook": 315,
  "Bat": 316,
  "Raven": 317,
  "RottenEgg": 318,
  "BlackCat": 319,
  "BloodyMachete": 320,
  "FlamingJack": 321,
  "WoodHook": 322,
  "Stake": 323,
  "CursedSapling": 324,
  "FlamingWood": 325,
  "GreekFire1": 326,
  "GreekFire2": 327,
  "GreekFire3": 328,
  "FlamingScythe": 329,
  "StarAnise": 330,
  "CandyCaneHook": 331,
  "ChristmasHook": 332,
  "FruitcakeChakram": 333,
  "Puppy": 334,
  "OrnamentFriendly": 335,
  "PineNeedleFriendly": 336,
  "Blizzard": 337,
  "RocketSnowmanI": 338,
  "RocketSnowmanII": 339,
  "RocketSnowmanIII": 340,
  "RocketSnowmanIV": 341,
  "NorthPoleWeapon": 342,
  "NorthPoleSpear": 343,
  "NorthPoleSnowflake": 344,
  "PineNeedleHostile": 345,
  "OrnamentHostile": 346,
  "OrnamentHostileShrapnel": 347,
  "FrostWave": 348,
  "FrostShard": 349,
  "Missile": 350,
  "Present": 351,
  "Spike": 352,
  "BabyGrinch": 353,
  "CrimsandBallGun": 354,
  "VenomFang": 355,
  "SpectreWrath": 356,
  "PulseBolt": 357,
  "WaterGun": 358,
  "FrostBoltStaff": 359,
  "BobberWooden": 360,
  "BobberReinforced": 361,
  "BobberFiberglass": 362,
  "BobberFisherOfSouls": 363,
  "BobberGolden": 364,
  "BobberMechanics": 365,
  "BobbersittingDuck": 366,
  "ObsidianSwordfish": 367,
  "Swordfish": 368,
  "SawtoothShark": 369,
  "LovePotion": 370,
  "FoulPotion": 371,
  "FishHook": 372,
  "Hornet": 373,
  "HornetStinger": 374,
  "FlyingImp": 375,
  "ImpFireball": 376,
  "SpiderHiver": 377,
  "SpiderEgg": 378,
  "BabySpider": 379,
  "ZephyrFish": 380,
  "BobberFleshcatcher": 381,
  "BobberHotline": 382,
  "Anchor": 383,
  "Sharknado": 384,
  "SharknadoBolt": 385,
  "Cthulunado": 386,
  "Retanimini": 387,
  "Spazmamini": 388,
  "MiniRetinaLaser": 389,
  "VenomSpider": 390,
  "JumperSpider": 391,
  "DangerousSpider": 392,
  "OneEyedPirate": 393,
  "SoulscourgePirate": 394,
  "PirateCaptain": 395,
  "SlimeHook": 396,
  "StickyGrenade": 397,
  "MiniMinotaur": 398,
  "MolotovCocktail": 399,
  "MolotovFire": 400,
  "MolotovFire2": 401,
  "MolotovFire3": 402,
  "TrackHook": 403,
  "Flairon": 404,
  "FlaironBubble": 405,
  "SlimeGun": 406,
  "Tempest": 407,
  "MiniSharkron": 408,
  "Typhoon": 409,
  "Bubble": 410,
  "CopperCoinsFalling": 411,
  "SilverCoinsFalling": 412,
  "GoldCoinsFalling": 413,
  "PlatinumCoinsFalling": 414,
  "RocketFireworksBoxRed": 415,
  "RocketFireworksBoxGreen": 416,
  "RocketFireworksBoxBlue": 417,
  "RocketFireworksBoxYellow": 418,
  "FireworkFountainYellow": 419,
  "FireworkFountainRed": 420,
  "FireworkFountainBlue": 421,
  "FireworkFountainRainbow": 422,
  "UFOMinion": 423,
  "Meteor1": 424,
  "Meteor2": 425,
  "Meteor3": 426,
  "VortexChainsaw": 427,
  "VortexDrill": 428,
  "NebulaChainsaw": 429,
  "NebulaDrill": 430,
  "SolarFlareChainsaw": 431,
  "SolarFlareDrill": 432,
  "UFOLaser": 433,
  "ScutlixLaserFriendly": 434,
  "MartianTurretBolt": 435,
  "BrainScramblerBolt": 436,
  "GigaZapperSpear": 437,
  "RayGunnerLaser": 438,
  "LaserMachinegun": 439,
  "LaserMachinegunLaser": 440,
  "ScutlixLaserCrosshair": 441,
  "ElectrosphereMissile": 442,
  "Electrosphere": 443,
  "Xenopopper": 444,
  "LaserDrill": 445,
  "AntiGravityHook": 446,
  "SaucerDeathray": 447,
  "SaucerMissile": 448,
  "SaucerLaser": 449,
  "SaucerScrap": 450,
  "InfluxWaver": 451,
  "PhantasmalEye": 452,
  "DrillMountCrosshair": 453,
  "PhantasmalSphere": 454,
  "PhantasmalDeathray": 455,
  "MoonLeech": 456,
  "PhasicWarpEjector": 457,
  "PhasicWarpDisc": 458,
  "ChargedBlasterOrb": 459,
  "ChargedBlasterCannon": 460,
  "ChargedBlasterLaser": 461,
  "PhantasmalBolt": 462,
  "ViciousPowder": 463,
  "CultistBossIceMist": 464,
  "CultistBossLightningOrb": 465,
  "CultistBossLightningOrbArc": 466,
  "CultistBossFireBall": 467,
  "CultistBossFireBallClone": 468,
  "BeeArrow": 469,
  "StickyDynamite": 470,
  "SkeletonBone": 471,
  "WebSpit": 472,
  "SpelunkerGlowstick": 473,
  "BoneArrowFromMerchant": 474,
  "VineRopeCoil": 475,
  "SoulDrain": 476,
  "CrystalDart": 477,
  "CursedDart": 478,
  "IchorDart": 479,
  "CursedDartFlame": 480,
  "ChainGuillotine": 481,
  "ClingerStaff": 482,
  "SeedlerNut": 483,
  "SeedlerThorn": 484,
  "Hellwing": 485,
  "TendonHook": 486,
  "ThornHook": 487,
  "IlluminantHook": 488,
  "WormHook": 489,
  "CultistRitual": 490,
  "FlyingKnife": 491,
  "MagicLantern": 492,
  "CrystalVileShardHead": 493,
  "CrystalVileShardShaft": 494,
  "ShadowFlameArrow": 495,
  "ShadowFlame": 496,
  "ShadowFlameKnife": 497,
  "Nail": 498,
  "BabyFaceMonster": 499,
  "CrimsonHeart": 500,
  "DrManFlyFlask": 501,
  "Meowmere": 502,
  "StarWrath": 503,
  "Spark": 504,
  "SilkRopeCoil": 505,
  "WebRopeCoil": 506,
  "JavelinFriendly": 507,
  "JavelinHostile": 508,
  "ButchersChainsaw": 509,
  "ToxicFlask": 510,
  "ToxicCloud": 511,
  "ToxicCloud2": 512,
  "ToxicCloud3": 513,
  "NailFriendly": 514,
  "BouncyGlowstick": 515,
  "BouncyBomb": 516,
  "BouncyGrenade": 517,
  "CoinPortal": 518,
  "BombFish": 519,
  "FrostDaggerfish": 520,
  "CrystalPulse": 521,
  "CrystalPulse2": 522,
  "ToxicBubble": 523,
  "IchorSplash": 524,
  "FlyingPiggyBank": 525,
  "CultistBossParticle": 526,
  "RichGravestone1": 527,
  "RichGravestone2": 528,
  "RichGravestone3": 529,
  "RichGravestone4": 530,
  "RichGravestone5": 531,
  "BoneGloveProj": 532,
  "DeadlySphere": 533,
  "Code1": 534,
  "MedusaHead": 535,
  "MedusaHeadRay": 536,
  "StardustSoldierLaser": 537,
  "Twinkle": 538,
  "StardustJellyfishSmall": 539,
  "StardustTowerMark": 540,
  "WoodYoyo": 541,
  "CorruptYoyo": 542,
  "CrimsonYoyo": 543,
  "JungleYoyo": 544,
  "Cascade": 545,
  "Chik": 546,
  "Code2": 547,
  "Rally": 548,
  "Yelets": 549,
  "RedsYoyo": 550,
  "ValkyrieYoyo": 551,
  "Amarok": 552,
  "HelFire": 553,
  "Kraken": 554,
  "TheEyeOfCthulhu": 555,
  "BlackCounterweight": 556,
  "BlueCounterweight": 557,
  "GreenCounterweight": 558,
  "PurpleCounterweight": 559,
  "RedCounterweight": 560,
  "YellowCounterweight": 561,
  "FormatC": 562,
  "Gradient": 563,
  "Valor": 564,
  "BrainOfConfusion": 565,
  "GiantBee": 566,
  "SporeTrap": 567,
  "SporeTrap2": 568,
  "SporeGas": 569,
  "SporeGas2": 570,
  "SporeGas3": 571,
  "SalamanderSpit": 572,
  "NebulaBolt": 573,
  "NebulaEye": 574,
  "NebulaSphere": 575,
  "NebulaLaser": 576,
  "VortexLaser": 577,
  "VortexVortexLightning": 578,
  "VortexVortexPortal": 579,
  "VortexLightning": 580,
  "VortexAcid": 581,
  "MechanicWrench": 582,
  "NurseSyringeHurt": 583,
  "NurseSyringeHeal": 584,
  "ClothiersCurse": 585,
  "DryadsWardCircle": 586,
  "PainterPaintball": 587,
  "PartyGirlGrenade": 588,
  "SantaBombs": 589,
  "TruffleSpore": 590,
  "MinecartMechLaser": 591,
  "MartianWalkerLaser": 592,
  "AncientDoomProjectile": 593,
  "BlowupSmoke": 594,
  "Arkhalis": 595,
  "DesertDjinnCurse": 596,
  "AmberBolt": 597,
  "BoneJavelin": 598,
  "BoneDagger": 599,
  "PortalGun": 600,
  "PortalGunBolt": 601,
  "PortalGunGate": 602,
  "Terrarian": 603,
  "TerrarianBeam": 604,
  "SpikedSlimeSpike": 605,
  "ScutlixLaser": 606,
  "SolarFlareRay": 607,
  "SolarCounter": 608,
  "StardustDrill": 609,
  "StardustChainsaw": 610,
  "SolarWhipSword": 611,
  "SolarWhipSwordExplosion": 612,
  "StardustCellMinion": 613,
  "StardustCellMinionShot": 614,
  "VortexBeater": 615,
  "VortexBeaterRocket": 616,
  "NebulaArcanum": 617,
  "NebulaArcanumSubshot": 618,
  "NebulaArcanumExplosionShot": 619,
  "NebulaArcanumExplosionShotShard": 620,
  "BloodWater": 621,
  "BlowupSmokeMoonlord": 622,
  "StardustGuardian": 623,
  "StardustGuardianExplosion": 624,
  "StardustDragon1": 625,
  "StardustDragon2": 626,
  "StardustDragon3": 627,
  "StardustDragon4": 628,
  "TowerDamageBolt": 629,
  "Phantasm": 630,
  "PhantasmArrow": 631,
  "LastPrismLaser": 632,
  "LastPrism": 633,
  "NebulaBlaze1": 634,
  "NebulaBlaze2": 635,
  "Daybreak": 636,
  "BouncyDynamite": 637,
  "MoonlordBullet": 638,
  "MoonlordArrow": 639,
  "MoonlordArrowTrail": 640,
  "MoonlordTurret": 641,
  "MoonlordTurretLaser": 642,
  "RainbowCrystal": 643,
  "RainbowCrystalExplosion": 644,
  "LunarFlare": 645,
  "LunarHookSolar": 646,
  "LunarHookVortex": 647,
  "LunarHookNebula": 648,
  "LunarHookStardust": 649,
  "SuspiciousTentacle": 650,
  "WireKite": 651,
  "StaticHook": 652,
  "CompanionCube": 653,
  "GeyserTrap": 654,
  "BeeHive": 655,
  "SandnadoFriendly": 656,
  "SandnadoHostile": 657,
  "SandnadoHostileMark": 658,
  "SpiritFlame": 659,
  "SkyFracture": 660,
  "BlackBolt": 661,
  "DD2JavelinHostile": 662,
  "DD2FlameBurstTowerT1": 663,
  "DD2FlameBurstTowerT1Shot": 664,
  "DD2FlameBurstTowerT2": 665,
  "DD2FlameBurstTowerT2Shot": 666,
  "DD2FlameBurstTowerT3": 667,
  "DD2FlameBurstTowerT3Shot": 668,
  "Ale": 669,
  "DD2OgreStomp": 670,
  "DD2DrakinShot": 671,
  "DD2ElderWins": 672,
  "DD2DarkMageRaise": 673,
  "DD2DarkMageHeal": 674,
  "DD2DarkMageBolt": 675,
  "DD2OgreSpit": 676,
  "DD2BallistraTowerT1": 677,
  "DD2BallistraTowerT2": 678,
  "DD2BallistraTowerT3": 679,
  "DD2BallistraProj": 680,
  "DD2GoblinBomb": 681,
  "DD2LightningBugZap": 682,
  "DD2OgreSmash": 683,
  "DD2SquireSonicBoom": 684,
  "DD2JavelinHostileT3": 685,
  "DD2BetsyFireball": 686,
  "DD2BetsyFlameBreath": 687,
  "DD2LightningAuraT1": 688,
  "DD2LightningAuraT2": 689,
  "DD2LightningAuraT3": 690,
  "DD2ExplosiveTrapT1": 691,
  "DD2ExplosiveTrapT2": 692,
  "DD2ExplosiveTrapT3": 693,
  "DD2ExplosiveTrapT1Explosion": 694,
  "DD2ExplosiveTrapT2Explosion": 695,
  "DD2ExplosiveTrapT3Explosion": 696,
  "MonkStaffT1": 697,
  "MonkStaffT1Explosion": 698,
  "MonkStaffT2": 699,
  "MonkStaffT2Ghast": 700,
  "DD2PetDragon": 701,
  "DD2PetGhost": 702,
  "DD2PetGato": 703,
  "DD2ApprenticeStorm": 704,
  "DD2PhoenixBow": 705,
  "DD2PhoenixBowShot": 706,
  "MonkStaffT3": 707,
  "MonkStaffT3_Alt": 708,
  "MonkStaffT3_AltShot": 709,
  "DD2BetsyArrow": 710,
  "ApprenticeStaffT3Shot": 711,
  "BookStaffShot": 712,
  "DD2Win": 713,
  "Celeb2Weapon": 714,
  "Celeb2Rocket": 715,
  "Celeb2RocketExplosive": 716,
  "Celeb2RocketLarge": 717,
  "Celeb2RocketExplosiveLarge": 718,
  "QueenBeeStinger": 719,
  "FallingStarSpawner": 720,
  "DirtGolfBall": 721,
  "GolfClubHelper": 722,
  "ManaCloakStar": 723,
  "BeeCloakStar": 724,
  "StarVeilStar": 725,
  "StarCloakStar": 726,
  "RollingCactus": 727,
  "SuperStar": 728,
  "SuperStarSlash": 729,
  "ThunderSpear": 730,
  "ThunderStaffShot": 731,
  "ThunderSpearShot": 732,
  "ToiletEffect": 733,
  "VoidLens": 734,
  "Terragrim": 735,
  "BlueDungeonDebris": 736,
  "GreenDungeonDebris": 737,
  "PinkDungeonDebris": 738,
  "GolfBallDyedBlack": 739,
  "GolfBallDyedBlue": 740,
  "GolfBallDyedBrown": 741,
  "GolfBallDyedCyan": 742,
  "GolfBallDyedGreen": 743,
  "GolfBallDyedLimeGreen": 744,
  "GolfBallDyedOrange": 745,
  "GolfBallDyedPink": 746,
  "GolfBallDyedPurple": 747,
  "GolfBallDyedRed": 748,
  "GolfBallDyedSkyBlue": 749,
  "GolfBallDyedTeal": 750,
  "GolfBallDyedViolet": 751,
  "GolfBallDyedYellow": 752,
  "AmberHook": 753,
  "MysticSnakeCoil": 754,
  "BatOfLight": 755,
  "SharpTears": 756,
  "DripplerFlail": 757,
  "VampireFrog": 758,
  "BabyBird": 759,
  "BobberBloody": 760,
  "PaperAirplaneA": 761,
  "PaperAirplaneB": 762,
  "RollingCactusSpike": 763,
  "UpbeatStar": 764,
  "SugarGlider": 765,
  "KiteBlue": 766,
  "KiteBlueAndYellow": 767,
  "KiteRed": 768,
  "KiteRedAndYellow": 769,
  "KiteYellow": 770,
  "KiteWyvern": 771,
  "Geode": 772,
  "ScarabBomb": 773,
  "SharkPup": 774,
  "BobberScarab": 775,
  "ClusterRocketI": 776,
  "ClusterGrenadeI": 777,
  "ClusterMineI": 778,
  "ClusterFragmentsI": 779,
  "ClusterRocketII": 780,
  "ClusterGrenadeII": 781,
  "ClusterMineII": 782,
  "ClusterFragmentsII": 783,
  "WetRocket": 784,
  "WetGrenade": 785,
  "WetMine": 786,
  "LavaRocket": 787,
  "LavaGrenade": 788,
  "LavaMine": 789,
  "HoneyRocket": 790,
  "HoneyGrenade": 791,
  "HoneyMine": 792,
  "MiniNukeRocketI": 793,
  "MiniNukeGrenadeI": 794,
  "MiniNukeMineI": 795,
  "MiniNukeRocketII": 796,
  "MiniNukeGrenadeII": 797,
  "MiniNukeMineII": 798,
  "DryRocket": 799,
  "DryGrenade": 800,
  "DryMine": 801,
  "GladiusStab": 802,
  "ClusterSnowmanRocketI": 803,
  "ClusterSnowmanRocketII": 804,
  "WetSnowmanRocket": 805,
  "LavaSnowmanRocket": 806,
  "HoneySnowmanRocket": 807,
  "MiniNukeSnowmanRocketI": 808,
  "MiniNukeSnowmanRocketII": 809,
  "DrySnowmanRocket": 810,
  "BloodShot": 811,
  "ShellPileFalling": 812,
  "BloodNautilusTears": 813,
  "BloodNautilusShot": 814,
  "LilHarpy": 815,
  "FennecFox": 816,
  "GlitteryButterfly": 817,
  "WhiteTigerPounce": 818,
  "BloodArrow": 819,
  "ChumBucket": 820,
  "BabyImp": 821,
  "KiteBoneSerpent": 822,
  "KiteWorldFeeder": 823,
  "KiteBunny": 824,
  "BabyRedPanda": 825,
  "KitePigron": 826,
  "KiteManEater": 827,
  "KiteJellyfishBlue": 828,
  "KiteJellyfishPink": 829,
  "KiteShark": 830,
  "StormTigerGem": 831,
  "StormTigerAttack": 832,
  "StormTigerTier1": 833,
  "StormTigerTier2": 834,
  "StormTigerTier3": 835,
  "DandelionSeed": 836,
  "BookOfSkullsSkull": 837,
  "KiteSandShark": 838,
  "KiteBunnyCorrupt": 839,
  "KiteBunnyCrimson": 840,
  "BlandWhip": 841,
  "RulerStab": 842,
  "KiteGoldfish": 843,
  "KiteAngryTrapper": 844,
  "KiteKoi": 845,
  "KiteCrawltipede": 846,
  "SwordWhip": 847,
  "MaceWhip": 848,
  "ScytheWhip": 849,
  "KiteSpectrum": 850,
  "ReleaseDoves": 851,
  "KiteWanderingEye": 852,
  "KiteUnicorn": 853,
  "Plantero": 854,
  "ReleaseLantern": 855,
  "SparkleGuitar": 856,
  "FirstFractal": 857,
  "DynamiteKitten": 858,
  "BabyWerewolf": 859,
  "ShadowMimic": 860,
  "Football": 861,
  "ClusterSnowmanFragmentsI": 862,
  "ClusterSnowmanFragmentsII": 863,
  "Smolstar": 864,
  "SquirrelHook": 865,
  "BouncingShield": 866,
  "Shroomerang": 867,
  "TreeGlobe": 868,
  "WorldGlobe": 869,
  "FairyGlowstick": 870,
  "HallowBossSplitShotCore": 871,
  "HallowBossLastingRainbow": 872,
  "HallowBossRainbowStreak": 873,
  "HallowBossDeathAurora": 874,
  "VoltBunny": 875,
  "ZapinatorLaser": 876,
  "JoustingLance": 877,
  "ShadowJoustingLance": 878,
  "HallowJoustingLance": 879,
  "ZoologistStrikeGreen": 880,
  "KingSlimePet": 881,
  "EyeOfCthulhuPet": 882,
  "EaterOfWorldsPet": 883,
  "BrainOfCthulhuPet": 884,
  "SkeletronPet": 885,
  "QueenBeePet": 886,
  "DestroyerPet": 887,
  "TwinsPet": 888,
  "SkeletronPrimePet": 889,
  "PlanteraPet": 890,
  "GolemPet": 891,
  "DukeFishronPet": 892,
  "LunaticCultistPet": 893,
  "MoonLordPet": 894,
  "FairyQueenPet": 895,
  "PumpkingPet": 896,
  "EverscreamPet": 897,
  "IceQueenPet": 898,
  "MartianPet": 899,
  "DD2OgrePet": 900,
  "DD2BetsyPet": 901,
  "CombatWrench": 902,
  "WetBomb": 903,
  "LavaBomb": 904,
  "HoneyBomb": 905,
  "DryBomb": 906,
  "OrnamentStar": 907,
  "TitaniumStormShard": 908,
  "RockGolemRock": 909,
  "DirtBomb": 910,
  "DirtStickyBomb": 911,
  "CoolWhip": 912,
  "FireWhip": 913,
  "ThornWhip": 914,
  "RainbowWhip": 915,
  "ScytheWhipProj": 916,
  "CoolWhipProj": 917,
  "FireWhipProj": 918,
  "FairyQueenLance": 919,
  "QueenSlimeMinionBlueSpike": 920,
  "QueenSlimeMinionPinkBall": 921,
  "QueenSlimeSmash": 922,
  "FairyQueenSunDance": 923,
  "FairyQueenHymn": 924,
  "StardustPunch": 925,
  "QueenSlimeGelAttack": 926,
  "PiercingStarlight": 927,
  "DripplerFlailExtraBall": 928,
  "ZoologistStrikeRed": 929,
  "SantankMountRocket": 930,
  "FairyQueenMagicItemShot": 931,
  "FairyQueenRangedItemShot": 932,
  "FinalFractal": 933,
  "QueenSlimePet": 934,
  "QueenSlimeHook": 935,
  "GelBalloon": 936,
  "VolatileGelatinBall": 937,
  "CopperShortswordStab": 938,
  "TinShortswordStab": 939,
  "IronShortswordStab": 940,
  "LeadShortswordStab": 941,
  "SilverShortswordStab": 942,
  "TungstenShortswordStab": 943,
  "GoldShortswordStab": 944,
  "PlatinumShortswordStab": 945,
  "EmpressBlade": 946,
  "Mace": 947,
  "FlamingMace": 948,
  "TorchGod": 949,
  "PrincessWeapon": 950,
  "FlinxMinion": 951,
  "BoneWhip": 952,
  "DaybreakExplosion": 953,
  "WandOfSparkingSpark": 954,
  "StarCannonStar": 955,
  "BerniePet": 956,
  "GlommerPet": 957,
  "DeerclopsPet": 958,
  "PigPet": 959,
  "ChesterPet": 960,
  "DeerclopsIceSpike": 961,
  "DeerclopsRangedProjectile": 962,
  "AbigailMinion": 963,
  "InsanityShadowFriendly": 964,
  "InsanityShadowHostile": 965,
  "HoundiusShootius": 966,
  "HoundiusShootiusFireball": 967,
  "PewMaticHornShot": 968,
  "WeatherPainShot": 969,
  "AbigailCounter": 970,
  "TentacleSpike": 971,
  "Count": 972
}