{
	"LegacyWorldGen": {
		"0": "正在生成世界版图",
		"10": "正在生成地表洞穴",
		"11": "正在生成丛林",
		"12": "正在生成漂浮岛",
		"13": "正在添加蘑菇地块",
		"14": "正在将泥置于土中",
		"15": "正在添加泥沙",
		"16": "正在添加发光物品",
		"17": "正在添加蛛丝",
		"18": "正在创建地狱",
		"19": "正在添加水体",
		"1": "正在添加沙子",
		"20": "正在使世界变得邪恶",
		"21": "正在生成山洞",
		"22": "正在创建沙滩",
		"23": "正在添加宝石",
		"24": "沙子正在沉淀",
		"25": "正在清理土背景",
		"26": "正在放置祭坛",
		"27": "正在安置液体",
		"28": "正在放置生命水晶",
		"29": "正在放置雕像",
		"2": "正在生成小山",
		"30": "正在隐藏宝藏",
		"31": "正在隐藏更多宝藏",
		"32": "正在隐藏丛林宝藏",
		"33": "正在隐藏水下宝藏",
		"34": "正在放置机关",
		"35": "正在放置易碎物品",
		"36": "正在放置地狱熔炉",
		"37": "正在扩大草地",
		"38": "正在种仙人掌",
		"39": "正在种向日葵",
		"3": "正在将土置于土后",
		"40": "正在种树",
		"41": "正在种草药",
		"42": "正在种草",
		"43": "正在种藤蔓",
		"44": "正在种花",
		"45": "正在种蘑菇",
		"46": "正在释放未用资源",
		"47": "正在重置游戏物品",
		"48": "正在设置困难模式",
		"49": "正在保存世界数据：",
		"4": "正在将岩石置于土中",
		"50": "正在备份世界文件",
		"51": "正在加载世界数据：",
		"52": "正在检查图格对齐：",
		"53": "加载失败！",
		"54": "找不到备份。",
		"55": "正在寻找图格框架：",
		"56": "正在添加雪",
		"57": "世界",
		"58": "正在创建地牢",
		"59": "陨石已落地！",
		"5": "正在将土放入岩石间",
		"60": "正在令世界平坦",
		"61": "青苔化",
		"62": "宝石化",
		"63": "正在建造洞壁",
		"64": "正在扩大蜘蛛洞",
		"65": "正在清除地图数据：",
		"66": "正在保存地图数据：",
		"67": "正在加载地图数据：",
		"68": "正在绘制地图：",
		"69": "正在创建瀑布",
		"6": "正在添加粘土",
		"70": "正在创建丛林废墟",
		"71": "正在创建黄蜂巢",
		"72": "正在使世界变得血腥",
		"73": "正在验证世界保存数据：",
		"74": "史莱姆从天而降！",
		"75": "史莱姆已停止从天而降。",
		"76": "正在生成建筑物",
		"77": "正在添加更多草地",
		"78": "沙漠化",
		"79": "正在风化洞穴",
		"7": "正在随机挖洞",
		"80": "正在凿刻大理石",
		"81": "正在生长花岗岩",
		"8": "正在生成小洞穴",
		"9": "正在生成大洞穴",
		"82": "正在解除坏掉的机关",
		"83": "正在种红木",
		"84": "清理",
		"85": "正在伐木",
		"86": "最后清理",
		"87": "正在生成最后的世界",
		"88": "正在种植水生植物",
		"89": "正在放置物体",
		"90": "正在形成深度"
	},
	"LegacyDialog": {
		"1": "我希望在我们和克苏鲁之眼的对抗中，不只有你这么个瘦弱的孩子保护我们。",
		"10": "看看我的土块；脏死了。",
		"100": "如果这个世界可以炸得一干二净，何须再净化它？",
		"101": "如果你把这个扔到浴缸后关上所有的窗户，你的鼻子和耳朵就都通了！",
		"102": "想玩爆炸试胆吗？",
		"103": "喂，你能签了这份不恶意捣乱的承诺书吗？",
		"104": "此处禁止吸烟！！",
		"105": "炸药如今十分火爆。马上买一些！",
		"106": "今天是个找死的好日子！",
		"107": "如果我...会发生什么...（砰！）...哦，对不起，你还要那条腿吗？",
		"108": "雷管，这是我特别为你准备的灵丹妙药，包治百病。",
		"109": "看看我的商品；都是惊爆价！",
		"11": "老兄，这太阳真晒啊！我确实拥有一款很通风的盔甲。",
		"110": "我依稀记得把一个女人捆了起来，然后扔到了地牢里。",
		"111": "...我们遇到麻烦了！那有个血月！",
		"112": "如果我更年轻点，我一定会约{Nurse}出来。我以前可迷倒了许多女人。",
		"113": "你的小红帽看上去很熟悉...",
		"114": "再次感谢你帮我解了诅咒。感觉像是什么东西跳起来咬了我一口。",
		"115": "妈妈总是说我会成为一位伟大的裁缝。",
		"116": "生活就像一箱衣服；你永远也不知道自己要穿什么！",
		"117": "刺绣当然难了！如果不难，就没人绣了！所以刺绣是件难能可贵的事。",
		"118": "他们想了解服装行业，而我无所不知。",
		"119": "遭到诅咒时很孤独，于是我用皮革制作了一个朋友。我叫他威尔森。",
		"12": "太阳很高，但我的价格可不高。",
		"120": "谢谢你解救我，人类。其他哥布林把我捆了起来，然后扔在这里。可以说，我们关系不太好。",
		"121": "我说他们走的方向不是东边，我们就把我捆起来扔在这里了！",
		"122": "我无家可归了，那我能扔掉这些尖刺球吗？我的口袋扎得疼。",
		"123": "想找一个工具大师？我是你要找的人！",
		"124": "谢谢你的帮助。现在，我不想再这些无缘无故地走来走去了。我相信我们会再见面的。",
		"125": "你没我想象中的那么高。",
		"126": "嗨...{Mechanic}在做什么？你有没有...你有没有和她谈过？",
		"127": "嗨，需要为你那顶帽子配个马达吗？我想我有一个马达和那顶帽子很配。",
		"128": "唷，我听说你喜欢火箭和跑鞋，所以我在你的跑鞋上加了一些火箭。",
		"129": "沉默是金。导管胶布是银。",
		"13": "哦，太好了。我在这儿就能听到{Mechanic}和{Nurse}的争吵声。",
		"130": "是的，黄金比铁坚硬。如今的人类都在学些什么知识？",
		"131": "你知道吧，理论上，潜水帽和脚蹼应该配套使用。",
		"132": "哥布林太容易生气了。事实上，他们能为了一些破布发动战争！",
		"133": "老实说，大部分哥布林都不是真正的火箭科学家。而有一些是。",
		"134": "你知不知道为什么大家到哪儿都带着这些尖刺球？因为我不知道。",
		"135": "我刚刚完成了最新的作品！如果你用力对着它吸气，这个新作品也不会猛烈爆炸。",
		"136": "哥布林盗贼不太擅长偷东西。没上锁的箱子都不会偷！",
		"137": "谢谢你救了我，朋友！这个奴仆开始生气了。",
		"138": "哦，我的英雄！",
		"139": "哦，多么英勇！谢谢你救了我，年轻的女士！",
		"14": "你有没有看到克斯...克史...克赛...那个大眼睛？",
		"140": "哦，多么英勇！谢谢你救了我，年轻人！",
		"141": "现在我们已经认识了，我可以搬给你那里去了吧？",
		"142": "你好，{Guide}！今天有什么可以为你效劳？",
		"143": "你好，{Demolitionist}！今天有什么可以为你效劳？",
		"144": "你好，{GoblinTinkerer}！今天有什么可以为你效劳？",
		"145": "你好，{Nurse}！今天有什么可以为你效劳？",
		"146": "你好，{Mechanic}！今天有什么可以为你效劳？",
		"147": "你好，{Dryad}！今天有什么可以为你效劳？",
		"148": "想让我从你耳朵后面变出一个钱币吗？不想？好吧。",
		"149": "想要一些魔法糖果吗？不想？好吧。",
		"15": "这个房屋安全吧？对不对？{PlayerName}？",
		"150": "我做了一杯诱人的热巧克力，你感不感...不感兴趣？好吧。",
		"151": "你来这里是不是想看看我的水晶球？",
		"152": "想不想要一枚魔戒，可以把石头变成史莱姆？好吧，我也没不想要。",
		"153": "有人告诉我友谊是神奇的。太荒谬了。友谊不可能把人变成青蛙。",
		"154": "我现在能看到你的未来...你会从我这里买很多物品！",
		"155": "我曾经试过复活一座天使雕像。然并卵。",
		"156": "谢谢！迟早有一天，我的结局也会和这里的其他骷髅一样。",
		"157": "嗨，当心脚下！我刚刚走过！",
		"158": "等一下，我在这下面快要接收到wifi了。",
		"159": "但我快要把闪光灯放到上面了！",
		"16": "即便是血月也无法阻挡资本主义。做点生意吧。",
		"160": "别动。我的隐形眼镜掉了。",
		"161": "我要做的就是找个开关...干嘛？！",
		"162": "哦，让我猜猜。买的电线不够。白痴。",
		"163": "你能不能...求你了？好吗？好吧。唉。",
		"164": "我不喜欢你这样看着我。我在工作呢。",
		"165": "嗨，{PlayerName}，你是不是刚刚从{GoblinTinkerer}家过来？他有没有提到过我？",
		"166": "{ArmsDealer}一直在说怎么按我的压力板。我告诉他，这是用脚踩的。",
		"167": "一定要多买些电线！",
		"168": "你确定你的设备插好电源了？",
		"169": "哦，你知道这个房屋需要什么？需要更多的闪光灯。",
		"17": "注意盯着奖励，买个晶状体吧！",
		"170": "天空变红的时候，你就知道血月升起来了。血月有一种魔力，能吸引怪物蜂拥而来。",
		"171": "嗨，兄弟，你知道哪儿有死亡草吗？哦，没有原因，问问而已。",
		"172": "如果你向上看，你就能看到此刻月亮是红色的。",
		"173": "晚上你应该呆在家里。黑夜在外面转悠非常危险。",
		"174": "嗨，{PlayerName}。有什么可以帮你？",
		"175": "我的工作是为你接下来的任务提供建议。如果遇到困难，建议你随时问我。",
		"176": "他们说，有个人会告诉你如何在这个地方生存...打住。那个人就是我。",
		"177": "你可以用镐子挖土，用斧子砍树。只需把光标放到图格上并点击！",
		"178": "如果你想活下来，你需要制造武器和建造房屋。先开始砍树和收集木材。",
		"179": "按{InventoryKey}访问制作菜单。拥有足够的木材时，制作工作台。这将让你能够制作更为复杂的东西，但必须接近工作台。",
		"18": "Kosh, kapleck Mog。哦，对不起，这是克林贡语，意思是“要么买，要么死。”",
		"180": "你可以建造房屋，方法是将木材和其他砖块放在是世界里。别忘了建造和放置墙。",
		"181": "拥有一把木剑后，你可以试试从史莱姆身上收集一些凝胶。用木材和凝胶制作一个火把！",
		"182": "要执行背景设置，使用锤子！",
		"183": "你应该挖矿，找到金属矿石。你可以用它来制作非常有用的物品。",
		"184": "现在你拥有了一些矿石，你需要将它铸成矿锭，才能用来制作物品。这需要熔炉！",
		"185": "你可以用火把、木材和石头制作熔炉。请务必站在工作台旁边。",
		"186": "你需要一个砧子才能充分锤炼金属锭。",
		"187": "砧子可以用铁或铅制作，或者从商人那里购买。",
		"188": "地下有水晶之心，可以用来提高你的最大生命值。你可以用镐子来打碎它们。",
		"189": "如果你收集5颗坠落之星，就可以合制成一个物品，以提升你的魔法能力。",
		"19": "是{PlayerName}吗？我听到过有人说好话，朋友！",
		"190": "夜晚，星星在坠落，洒满全世界。它们的用途极为广泛。如果你看到一颗，一定要拿到手，因为星星在日出后就会消失。",
		"191": "吸引他人搬进镇子的方法有很多种。他们当然需要有个家。",
		"192": "要将房间打造成家，则需要门、椅子、桌子和光源。记得房屋还要有墙。",
		"193": "两个人不能住一个家。还有，如果家被摧毁了，就要找个新的住处。",
		"194": "你可以使用房屋界面来分配和查看住房情况。打开物品栏并点击房屋图标。",
		"195": "如果想让商人搬进来，你需要收集很多钱。50枚银币就能搞定！",
		"196": "要让护士搬进来，你需要提高自己的最大生命值。",
		"197": "如果你有一支枪，军火商会来向你出售弹药！",
		"198": "你需要打败一只强大的怪物来证明自己。这样才能吸引树妖的注意。",
		"199": "务必彻底探索整个地牢。深处可能关押了囚犯。",
		"2": "看看你穿的破盔甲。最好多买点治疗药水。",
		"20": "我听说有一个秘密宝藏...哦，没什么。",
		"200": "地牢旁边的老人已经解除诅咒了，现在他也许愿意加入我们。",
		"201": "拿好你能够找到的任何炸弹。爆破专家也许想瞧一瞧。",
		"202": "哥布林和我们的差别有那么大吗，都没法和平相处了吗？",
		"203": "我听说，这些地方住着一名强大的巫师。下次你去地下的时候一定要留心他。",
		"204": "如果在恶魔祭坛上合成晶状体，你也许能够找到召唤一个强大怪物的方法。不过，你最好等到夜晚再用它。",
		"205": "你可以用腐肉和魔粉制作虫饵。你必须在腐化区域才能使用它。",
		"206": "恶魔祭坛在腐化之地随处可见。你必须靠近它们才能制作一些物品。",
		"207": "你可以用一个爪钩和3条链子制作一个抓钩。地下深处的骷髅们通常带着爪钩，而链子可以用铁锭或铅锭制作。",
		"208": "如果你看到罐子，一定要砸开它。罐子里有各种有用的补给。",
		"209": "整个世界都藏着宝藏。地下深处能够找到一些有意思的东西！",
		"21": "你是说天使雕像？对不起，我不是收废品的。",
		"210": "砸碎暗影珠有时会导致流星坠落天际。暗影珠通常位于在腐化区域周围的裂缝中。",
		"211": "你应当专注于收集更多的生命水晶，以提高最大生命值。",
		"212": "你现有的装备根本做不到。你需要制作更好的盔甲。",
		"213": "我认为你已经准备好迎接第一场大型战斗了。晚上收集眼球中的一些晶状体，并将其带到恶魔祭坛。",
		"214": "在面对下一个挑战时，建议你提高生命值。十五颗心应该足够了。",
		"215": "腐化之地的黑檀石可用一些树妖的粉末净化，或者用炸药摧毁。",
		"216": "下一步应当探索腐化裂缝。寻找并摧毁你找到的任何暗影珠。",
		"217": "离这里不远有一个古老的地牢。现在正是查探一番的好时机。",
		"218": "你应当试试提高到最大的生命值。试着收集二十颗心。",
		"219": "如果你愿意挖得足够深，丛林中就有很多宝藏等着你去发现。",
		"22": "以前守护这儿的人留给了我一些垃圾...呃，我意思是...一些宝藏！",
		"220": "地狱由一种名为狱石的材料构成。它非常适合制作武器和盔甲。",
		"221": "在你准备好挑战地狱的守卫时，必须进行活祭。它所需要的一切都能在地狱中找到。",
		"222": "务必砸毁你能找到的所有恶魔祭坛。这样做一定会有好处的！",
		"223": "有时，从极明或极暗的地方坠落的生物中能收集到灵魂。",
		"224": "哈哈哈，一瓶...蛋酒！",
		"225": "你愿意给我烤些饼干吗？",
		"226": "什么？你认为我不是真的？",
		"227": "我把你的脸缝好了。下次要多小心。",
		"228": "很可能会留疤。",
		"229": "情况好多了。我不想再看到你跳崖。",
		"23": "不知道月亮是不是芝士做的...什么？对了，买点东西！",
		"230": "并不是很疼吧。现在呢？",
		"231": "生活在地下已经够惨的了，像你这样的败类还要趁我睡觉来偷我的孩子。",
		"232": "只有你知我知，{Dryad}是我唯一信任的人。她是这里唯一一个不想吃掉我或用我来炼药的人。",
		"233": "有一天，我试着舔了舔自己，看看会发生什么大不了的事，然后全身都开始发蓝光。",
		"234": "每次看到蓝色，我都感到郁闷和懒散。",
		"235": "你在这附近看到过猪吗？我弟弟的一条腿被猪叼走了。",
		"236": "镇上的每个人都感到有点古怪。昨晚，我醒来时，服装商正在啃我的脚。",
		"237": "如果能说服{Truffle}过来了试一下...尺码，我会给你打折。",
		"238": "我觉得{Truffle}被人误会了，他真的是个好人。",
		"24": "你是说黄金？我要把它抖出来。",
		"240": "我不知道什么是“肚皮波浪”，所以别问了！",
		"241": "人们正盛传着一个关于我的谣言：“如果不能击败他，就吃掉他！”",
		"242": "欧嘿，可有宝物否？",
		"243": "我应该做劫机大盗？我考虑过做劫机大盗。",
		"244": "不管怎样，喷气背包和你很搭！",
		"245": "近来我感觉有点暴躁，所以别再拍马屁了，跟个叫花子似的！",
		"246": "我对那个叫{Cyborg}的家伙特别好奇。他的移动能力这么强，功耗是怎样的？",
		"247": "我觉得，那个船长“烂醉如泥”，你知道我的意思吧！",
		"248": "给我一些装备！",
		"249": "我喜欢你的...装备。是用黄铜做的吗？",
		"25": "你最好不要让血沾到我身上。",
		"250": "进入神圣之地后，你将看到天空中挂着一道彩虹。如果你喜欢，我帮你画下来。",
		"251": "查一查{PartyGirl}。她就是那个将整个镇子漆成红色的女孩！",
		"252": "我知道青绿色和蓝绿色之间的差别。但我不会告诉你。",
		"253": "钛白色用完了，别问了。",
		"254": "尝试旋涡粉色和紫色，肯定管用，我发誓！",
		"255": "不、不、不...灰色也分很多种！别让我开始...",
		"256": "我希望别下雨了，漆还没干。下雨就惨了！",
		"257": "我带给你最丰富的色彩，以换取你的财富！",
		"258": "亲爱的，你的穿着太单调了。你一定得好好学学，怎么给单调的衣服染色！",
		"259": "我唯一愿意染的木材是红木。给任何其他木材染色都是浪费。",
		"26": "快点，别再流血了。",
		"260": "你必须对{Pirate}做点什么。每次他来这儿，我都要用一整个星期才能去掉气味！",
		"261": "我是啥医？我是巫医。",
		"262": "法术的核心是自然。自然的本质是法术。",
		"263": "{Nurse}可以治愈你的身体，但我可以让治愈过程更体面。",
		"264": "认真选，{PlayerName}，我的商品不稳定，我的黑魔法很神秘。",
		"265": "我们得谈谈。这...聚会的事。",
		"266": "我不知道我是更喜欢派对还是庆功派对。",
		"267": "我们应该办一个闪耀根派对，而且我们还应该办一个庆功派对。",
		"268": "哇，{PlayerName}，认识像你这样的冒险家，让我有股想开派对的冲动！",
		"269": "装个迪斯科球，我告诉你如何开派对。",
		"27": "如果你要死，去外面死。",
		"270": "我去过一次瑞典，他们经常开派对，你怎么和他们不一样？",
		"271": "我叫{PartyGirl}，但人们叫我派对扫把星。是啊，我也不知道，但听起来酷酷的。",
		"272": "你开派对吗？有时开？好吧，那我们谈谈...",
		"273": "我不是旱鸭子，但即便试水失败也比永远不试强。",
		"274": "哟嗬嗬，一瓶...闪耀根！",
		"275": "呀！贼溜了，唠扯唠扯鹦鹉吧，因...噶...哈...唠啥嗑呢？",
		"276": "{PlayerName}，你是俺船长这半个月见过的最漂亮的妞！",
		"277": "别碰我的战利品，淘气鬼！",
		"278": "说啥呢？白鲸是我的！",
		"279": "*卜拉卜拉卡卡*",
		"28": "什么意思？！",
		"280": "然后，第492-8队说，“你认为我是谁？第472-6队？”哈。哈。哈。",
		"281": "射弹击中火车制动器时，我前进的速度大大减慢了。",
		"282": "这句话是个假命题，是不是？",
		"283": "所以那个“朋克”样的小妞是个发明家，是吗？我想我要给她看一两件东西！",
		"284": "当然，虽然我和{Pirate}是好朋友，但当他的鹦鹉在我身上拉粪时，我特别烦他。那东西还有腐蚀性！",
		"285": "我为自己建立了品尝机制，这样就能喝一点麦芽酒！",
		"286": "有时候我有一点...懂了吗？有一点吗？",
		"287": "背部和两侧都很短？",
		"288": "那些亮点真会吸引你的眼球！",
		"289": "我的手黏糊糊的...是蜡。",
		"29": "我不喜欢你说话的口气。",
		"290": "茶？咖啡？干脆再来点橙汁？",
		"291": "美女，我们真的需要补一补那些开叉。",
		"292": "啊呼！你是我最喜欢的八婆。",
		"293": "先生，您今天想试试哪种须后水？",
		"294": "坐一会儿，我给你剃须刀。",
		"295": "要么天生有型，要么变得有型。",
		"296": "对于你，我想我们会弄个...容易保养的发型。",
		"297": "我曾用过一次染发大师的一款产品。结果变得焦黄。简直就是灾难。",
		"298": "哦，真可怜，可怜的家伙。来...在这儿坐下。会没事的。嘘。",
		"299": "看看我的新发型。",
		"3": "我觉着像是有个邪恶的东西在看着我。",
		"30": "你怎么会在这儿？如果你没流血，就没必要在这儿。出去。",
		"300": "你好，先生，我是{Stylist}，今天我来为你理发。",
		"301": "就剃掉上面一点吗？那可真没意思...",
		"302": "希望你会喜欢我给{PartyGirl}设计的发型！",
		"303": "对于{Demolitionist}烧焦的头发，我无力回天了。他注定没救了。",
		"304": "给不给小费你看着办，但别忘了剪刀和你的脑袋都在我手上。",
		"305": "对了，这可是一把割喉的剃刀。",
		"306": "你今晚最好别碰我的头发，哼。我刚磨快我的剪刀，正想找个借口用用它！",
		"307": "呣，我听{PartyGirl}说，{Mechanic}的朋友{Nurse}买了双鞋，花光了她男友上个月的工资。",
		"308": "有一次，我给{Cyborg}套上假发，这样我就能给他理发了。我觉得他还挺喜欢的！",
		"309": "有一次，我试过去拜访{Stylist}。她看了我一下 就说“不行。”",
		"31": "什么？！",
		"310": "我觉得我该做头发了！",
		"311": "你今天到底有没有梳过头发？",
		"312": "那么剪个妖精发型，你想留点女士鬓角吗？",
		"313": "修剪发髻和眉毛可以，但是不能修剪鼻毛。",
		"314": "好吧，你边坐边染。25分钟后我再来将染发剂冲洗干净...",
		"315": "谢谢啊！现在，我终于可以做头发了。",
		"316": "如果你再早点来，我就会免费给你理发。",
		"317": "他们说，不要玩弄剪刀。他们说，你不会被困在蜘蛛网中！",
		"318": "啊，我的头发，上面都是蜘蛛网！",
		"319": "大约三小时后到{Guide}家后面来找我，我想我有件你会很感兴趣的东西。",
		"32": "看到那个在地牢周围转来转去的老人没？他看上去遇到麻烦了。",
		"320": "那个{Merchant}，他真的没头脑，不懂什么是好交易。",
		"321": "我只卖我能弄到的。{Clothier}老缠着我要异国情调的衣服。",
		"322": "嗯，看上去你会使用天使雕像！他们切片，又切丁，让一切都如此美好！",
		"323": "我不会因“买家后悔...”而退款也不会因任何其它原因退款，不骗你。",
		"324": "现在购买还包邮！",
		"325": "我卖的商品来自可能根本就不存在的地方！",
		"326": "你想要两文钱！？一文钱就成交。",
		"327": "既能抽水烟，也能煮咖啡！还能炸切丝薯条！",
		"328": "看一看，瞧一瞧！一斤重的鱼！新鲜味美！一斤重的鱼！",
		"329": "如果你是在找垃圾，那就来错地方了。",
		"33": "我希望{Demolitionist}会更小心些。每天都得为他缝合肢体，我都烦死了。",
		"330": "旧货店？不，我只卖市场上的尖货。",
		"331": "砸碎一颗猩红之心有时会令流星坠落天际。猩红之心通常位于猩红矿区周围的裂缝中。",
		"332": "你试过对猩红之地的猩红石使用净化粉吗？",
		"333": "你必须净化这个猩红的世界。",
		"334": "嘿！我有一个活儿给你。不要以为你能拒绝，怎么都不行！",
		"335": "我想要一条鱼，你去给我弄一条来！问我它的信息吧！",
		"336": "嘿！你就是我一直在找的牺...我是说称职的钓鱼大师！",
		"337": "{Angler}想让你正式成为{WorldName}的跑腿官！",
		"338": "什…么？！难道你没看见我在收钓鱼线吗？？",
		"339": "我的鱼够了！我现在不需要你的帮助！",
		"34": "嗨，{ArmsDealer}有没有提过为什么要去看医生？只是好奇罢了。",
		"340": "整个{WorldName}中都没有厨师，所以我不得不自己烹鱼！",
		"341": "嘿！当心！我设了许多机关，用来实施史上最大的恶作剧！没人会发觉！你胆敢告诉任何人！",
		"342": "听听小孩的忠告吧，永远不要用舌头碰冰块！等一下，就当我没说，我就想看你这样做！",
		"343": "听说过会叫的鱼吗？！我没听说过，只是想知道你听说过没！",
		"344": "{WorldName}到处都是各种稀奇古怪的鱼！",
		"345": "太失望了！有些鱼可能在我出生之前就灭绝了，真不公平！",
		"346": "我没有妈妈，也没有爸爸，但我有很多鱼！这就够了！",
		"347": "嘿嘿，你真该看看当我把食人鱼的牙齿刺进椅子之后，{Dryad}的表情！",
		"348": "我有个任务给你！不，现在我才不管什么僵尸大灾难呢！",
		"349": "快点，听着！我要你马上去抓个东西给我！",
		"35": "我要和{Guide}认真谈一谈。你一周到底有多少次被熔岩烫成重伤？",
		"350": "我恨血月！各种可怕的噪音害我一整夜都没睡！",
		"351": "血月是最不适合钓鱼的时候！这鱼咬人，没错，但僵尸也咬人！",
		"352": "现在有一大群怪物在附近跑来跑去！",
		"353": "谢谢，我想，谢谢你救了我之类的。你是个优秀的得力仆从！",
		"354": "啥？你是哪位？我绝对不只是溺水之类的！",
		"355": "你救了我！你太好了，我可以使唤你...呃，我是说，雇你帮我做些了不起的事！",
		"356": "还有多余的骨头卖吗？我的髋骨断了，我想再...换一次。",
		"357": "太好了！终于有人来拿掉我手上的蛆虫了。",
		"358": "没有我家史莱姆油治不好的病！相信我，很管用，看看我这生龙活虎的身板就知道了！",
		"359": "真正的脊骨就快到货了，你要不买点什么？",
		"36": "我认为你这样看上去好多了。",
		"360": "你肯定想不到大家扔了些什么给我...想买点？",
		"361": "我会帮你一把，但这是最后一次，我一个月都没把它弄回来",
		"362": "离蜘蛛远点。它们会吸掉你的内脏，留下一副空壳。这次一定要信我。",
		"363": "这个世界上永恒不变的就只有死亡和税收，我两样都有！",
		"364": "你又来了？你是想要更多钱吧！？",
		"365": "每个人一定要又是开门又是关门，整得这里吵死人吗？！",
		"366": "看得出你一如往常的闲。实在无法想象你这种人的工作生活会是啥样。",
		"367": "是，是，是！-- 我一会儿就把你那份给你。我以为你会更耐心点，等我把所有工作都做完。",
		"368": "一个人独自留在这个地方要做些什么？去打扰不太忙的人！",
		"369": "...两桶糖浆，还有...哦，别介意，你在这啊。这是你的钱。",
		"37": "呃...你的脸怎么了？",
		"370": "别告诉别人...我实在不明白他们为什么懒得付租金",
		"371": "有一次试过让{Dryad}给我点好处，现在我在一些奇特的地方种了些菌类。",
		"372": "告诉{ArmsDealer}别再用弹药抵缴税款了，我连把枪都没有。",
		"373": "你为什么不试着收{Demolitionist}的钱，并且不会断胳膊断脚...",
		"374": "我刚从{Merchant}那儿回来。他想知道我是否接受信用卡。",
		"38": "我的天啊！我很好，但没有“那么”好。",
		"380": "这是我从其余人那儿收缴的税款的抽成！",
		"381": "给你，再次拿走我所有的钱币！抓好，赶紧从我视野里消失！",
		"382": "呸！给，拿好你的铜板，滚出我的视线！",
		"383": "这是你目前能拿到的所有钱，一分也不能多！拿去，花得精明点。",
		"39": "亲爱的朋友，今天我们集聚于此道声告别...喔，你会没事儿的。",
		"390": "...人们说我贪婪？不，我没什么能给你。",
		"391": "哦，你就把我当作钱币符号，啊？因为每次你一看到我就问我要钱。",
		"392": "你就不能只是停下来说句“嗨？”",
		"393": "呸！你又来了？你刚刚才拿走了我的钱币，给我滚开，晚点再回来！",
		"394": "我五分钟前才给了你半个铜板！啊啊啊！",
		"395": "又伸进我的钱袋了！？你可以说我很贪心。",
		"396": "你刚刚才拿到你的酬劳，多一分钱也没有！滚开！",
		"397": "钱不是从树上掉下来的，所以我的钱你别拿太多了！呸！",
		"398": "你已经花光了我付给你的每一分钱！？呸，我可不是慈善家，去杀死史莱姆！",
		"399": "没那么快！你已经拿到钱了，赶紧滚开！",
		"4": "剑克纸！赶紧买一把。",
		"40": "你把武器落在那边了。我给你拿来...",
		"400": "这么快就乞讨了？！别看我，别以为过了一晚上我就会改变主意！",
		"401": "务必砸毁你能找到的所有猩红祭坛。这样做一定会有好处的！",
		"402": "猩红祭坛通常出现在猩红之地。你必须靠近它们才能制作一些物品。",
		"403": "你可以使用脊椎骨制作血腥脊椎。你必须在猩红区中才能使用它。",
		"41": "别像个孩子似的！我见过更糟的。",
		"42": "这需要缝针！",
		"43": "又惹上流氓了？",
		"44": "坚持住，我已经在附近找到卡通绷带了。",
		"45": "走走看，{PlayerName}，你会没事儿的。嘶。",
		"46": "你这么做的时候疼吗？别那么做。",
		"47": "你看着就像被消化了一半一样。你又在追史莱姆了？",
		"48": "转过头去咳嗽。",
		"49": "我见过更大的...是的，我确实见过更大的伤口。",
		"5": "你想要苹果？你想要胡萝卜？你想要菠萝？我们只有火把。",
		"50": "你吃棒棒糖吗？",
		"51": "让我看看哪里受伤了。",
		"52": "抱歉，你雇不起我。",
		"53": "我需要更多金子。",
		"54": "你知道的，我干活得收钱。",
		"55": "我给不了完美的结局。",
		"56": "我能为你做的就只有整容了。",
		"57": "别浪费我时间了。",
		"58": "我听说在地狱中的某个地方，有一个娃娃看上去很像{Guide}。我很想打它几枪。",
		"59": "快点！一个小时后我要和{Nurse}约会呢。",
		"6": "美好的清晨，你说呢？你需要什么？",
		"60": "我想买{Nurse}卖的东西。你说啥？她什么也不卖？",
		"61": "{Dryad}很漂亮。可惜她是个假正经。",
		"62": "别和{Demolitionist}浪费时间了。我这边有你要的一切。",
		"63": "{Demolitionist}怎么回事啊？难道他发现我们卖的东西完全不同？",
		"64": "伙计，这么美妙的夜晚就不要和别人交谈了，你认为呢，{PlayerName}？",
		"65": "我喜欢今夜这样的夜晚。有杀不完的小怪！",
		"66": "我看你在盯着迷你鲨..你绝对想不到它是怎么做成的。",
		"67": "嘿，这可不是演电影，兄弟。弹药得另外购买。",
		"68": "把手从我的枪上拿开，哥们！",
		"69": "你有没有试过对腐化之地的黑檀石使用净化粉？",
		"7": "快要天黑了，朋友。快做决定吧，不然就晚了。",
		"70": "我希望{ArmsDealer}不要再挑逗我了。难道他不知道我已经500岁了？",
		"71": "为什么{Merchant}老向我推销天使雕像呢？大家都知道它们没一点用。",
		"72": "你看到那个在地牢周围转来转去的老人没？他看起来不太好...",
		"73": "我想卖啥就卖啥！你要是不喜欢，那真是太可惜了。",
		"74": "你为什么一定要在这种时候作对呢？",
		"75": "我不想让你买我的东西。我只是想让你想买我的东西，好吗？",
		"76": "哥们，今晚就只有我一个人，还是真的有无数僵尸出现？",
		"77": "你必须净化这个腐化的世界。",
		"78": "注意安全！泰拉瑞亚需要你！",
		"79": "时间的沙漏在缓缓流逝。而你并没有优雅地变老。",
		"8": "你是不知道土块能在国外卖多少钱。",
		"80": "说我雷声大雨点小是啥意思？",
		"81": "两个哥布林走进一个酒吧，其中一个对另一个说：“来杯啤酒？！”",
		"82": "如果你不解除我的诅咒，我是不会让你进的。",
		"83": "你要想进来，那就晚上再来。",
		"84": "白天可召唤不了我的主人。",
		"85": "你太弱了，破解不了我的诅咒。等你强大点了再来吧。",
		"86": "你个可怜的白痴。你现在这样就别指望能对抗我的主人了。",
		"87": "我还盼着你身边能有几个帮手呢。",
		"88": "求你了，别，陌生人。你只会让自己送命的。",
		"89": "你的能力也只够将我从诅咒中解救出来...",
		"9": "总有一天他们会讲述{PlayerName}的传奇，肯定会是好故事。",
		"90": "陌生人，你是否拥有能打败我主人的力量？",
		"91": "请帮帮我！打败捉住我的人，救我出去！求你了！",
		"92": "打败我的主人，我就让你进入地牢。",
		"93": "想通过那个{WorldEvilStone}，嗯？为什么不用炸药炸掉它！",
		"94": "你有没有在附近看到一个小丑？",
		"95": "原来有个炸弹就在这儿，但现在我似乎找不到了...",
		"96": "我为这些僵尸准备了些东西！",
		"97": "就连{ArmsDealer}都想要我卖的东西！",
		"98": "你是想挨子弹呢，还是挨手榴弹？反正我是这么想的。",
		"99": "如果你不小心因此而断胳膊断腿，我相信{Nurse}会帮忙的。",
		"404": "我认为你已经准备好迎接第一场大型战斗了。晚上收集眼球中的一些晶状体，并将其带到猩红祭坛。"
	},
	"LegacyMenu": {
		"0": "启动泰拉瑞亚新副本来加入！",
		"100": "背景开",
		"101": "背景关",
		"102": "选择语言",
		"103": "语言",
		"104": "是",
		"105": "否",
		"106": "切换地图类型",
		"107": "切换全屏",
		"108": "放大",
		"109": "缩小",
		"10": "加载备份",
		"110": "减少透明度     ",
		"111": "增加透明度      ",
		"112": "地图已启用",
		"113": "地图已禁用",
		"114": "常规",
		"115": "地图控件",
		"116": "多核照明：",
		"117": "关",
		"118": "关闭菜单",
		"11": "找不到备份",
		"120": "智能光标    ",
		"121": "智能光标模式：切换",
		"122": "智能光标模式：长按",
		"123": "事件进度条",
		"124": "关",
		"125": "定时",
		"126": "开",
		"127": "类型",
		"128": "放置预览开",
		"129": "放置预览关",
		"12": "单人模式",
		"130": "坐骑",
		"131": "成就",
		"132": "溅血效果开",
		"133": "溅血效果关",
		"134": "应用",
		"135": "服务器设置",
		"136": "Steam多人模式：已禁用",
		"137": "Steam多人模式：已启用",
		"138": "允许用户：仅限邀请",
		"139": "允许用户：好友",
		"13": "多人模式",
		"140": "好友可邀请：关",
		"141": "好友可邀请：开",
		"142": "允许好友添加好友：关",
		"143": "允许好友添加好友：开",
		"144": "开始",
		"145": "通过Steam加入",
		"146": "通过IP加入",
		"147": "邀请好友",
		"148": "向上",
		"149": "向下",
		"14": "设置",
		"150": "向左",
		"151": "向右",
		"152": "跳",
		"153": "投掷",
		"154": "物品栏",
		"155": "抓钩",
		"156": "快速魔力",
		"157": "快速增益",
		"158": "快速坐骑",
		"159": "快速治疗",
		"15": "退出",
		"160": "自动选择",
		"161": "智能光标",
		"162": "使用物品",
		"163": "交互",
		"164": "游戏玩法控件",
		"165": "地图控件",
		"166": "快捷键控件",
		"167": "手柄设置",
		"168": "放大",
		"169": "缩小",
		"16": "创建角色",
		"170": "增加透明度",
		"171": "减少透明度",
		"172": "切换地图类型",
		"173": "切换完整地图",
		"174": "向左循环",
		"175": "向右循环",
		"176": "快捷键#1",
		"177": "快捷键#2",
		"178": "快捷键#3",
		"179": "快捷键#4",
		"17": "删除",
		"180": "快捷键#5",
		"181": "快捷键#6",
		"182": "快捷键#7",
		"183": "快捷键#8",
		"184": "快捷键#9",
		"185": "快捷键#10",
		"186": "二维码识别器#1",
		"187": "二维码识别器#2",
		"188": "二维码识别器#3",
		"189": "二维码识别器#4",
		"18": "头发",
		"190": "圆形热键栏",
		"191": "光标捕捉向上",
		"192": "光标捕捉向右",
		"193": "光标捕捉向下",
		"194": "光标捕捉向左",
		"195": "<未绑定>",
		"196": "方向键光标捕捉",
		"197": "方向键快捷键",
		"198": "手柄高级设置",
		"199": "触发器盲区",
		"19": "眼睛",
		"1": "运行于端口 ",
		"200": "滑块盲区",
		"201": "左摇杆盲区X",
		"202": "左摇杆盲区Y",
		"203": "右摇杆盲区X",
		"204": "右摇杆盲区Y",
		"205": "水平翻转左摇杆",
		"206": "垂直翻转左摇杆",
		"207": "水平翻转右摇杆",
		"208": "垂直反转右控制棒",
		"209": "使用",
		"20": "皮肤",
		"210": "界面",
		"211": "密码：可见",
		"212": "密码：隐藏",
		"213": "智能光标优先级：镐 -> 斧",
		"214": "智能光标优先级：斧 -> 镐",
		"215": "智能放置块：到光标",
		"216": "智能放置块：已禁用",
		"217": "边框颜色",
		"218": "光标",
		"219": "控件",
		"21": "衣服",
		"220": "激活套装奖励：向上",
		"221": "激活套装奖励：向下",
		"222": "快捷键绑定",
		"223": "左Shift快速丢弃：已启用",
		"224": "左Shift快速丢弃：已禁用",
		"225": "快速换墙：已禁用",
		"226": "快速换墙：已启用",
		"227": "快捷键径向滚动时间：开",
		"228": "快捷键径向滚动时间：关",
		"229": "图格网格开",
		"22": "男",
		"230": "图格网格关",
		"231": "锁定",
		"232": "锁定优先级：焦点目标",
		"233": "锁定优先级：最近的目标",
		"234": "锁定优先级：最清楚的线",
		"235": "abc / ABC / !@#",
		"236": "退格键",
		"237": "提交",
		"238": "太空",
		"239": "<-",
		"23": "女",
		"240": "->",
		"241": "手柄说明关",
		"242": "手柄说明开",
		"243": "菜单控件",
		"244": "圆形快捷栏",
		"245": "无边框窗口：已启用",
		"246": "无边框窗口：已禁用",
		"247": "跳帧关",
		"248": "跳帧开",
		"249": "跳帧隐蔽",
		"24": "硬核",
		"250": "采矿晃动效果：已启用",
		"251": "采矿晃动效果：已禁用",
		"252": "界面移动延迟",
		"25": "中核",
		"26": "经典",
		"27": "随机",
		"28": "创建",
		"29": "硬核角色死后无法复活。",
		"2": "断开连接",
		"30": "中核角色死后掉落物品。",
		"31": "经典角色死后掉落钱币。",
		"32": "选择难度",
		"33": "上衣",
		"34": "内衣",
		"35": "裤装",
		"36": "鞋子",
		"37": "头发",
		"38": "头发颜色",
		"39": "眼睛颜色",
		"3": "服务器需要密码：",
		"40": "皮肤颜色",
		"41": "上衣颜色",
		"42": "内衣颜色",
		"43": "裤装颜色",
		"44": "鞋子颜色",
		"45": "输入角色姓名：",
		"46": "删除",
		"47": "创建世界",
		"48": "输入世界名称：",
		"49": "转到窗口模式",
		"4": "接受",
		"50": "转到全屏",
		"51": "分辨率",
		"52": "视差",
		"53": "跳帧关",
		"54": "跳帧开",
		"55": "照明：颜色",
		"56": "照明：白",
		"57": "照明：复古",
		"58": "照明：迷幻",
		"59": "质量：自动",
		"5": "返回",
		"60": "质量：高",
		"61": "质量：中",
		"62": "质量：低",
		"63": "视频",
		"64": "光标颜色",
		"65": "音量",
		"66": "控件",
		"67": "自动保存开",
		"68": "自动保存关",
		"69": "自动暂停开",
		"6": "取消",
		"70": "自动暂停关",
		"71": "拾取提示开",
		"72": "拾取提示关",
		"73": "全屏分辨率",
		"74": "向上",
		"75": "向下",
		"76": "向左",
		"77": "向右",
		"78": "跳",
		"79": "投掷",
		"7": "输入服务器密码：",
		"80": "物品栏         ",
		"81": "快速治疗       ",
		"82": "快速魔力      ",
		"83": "快速增益       ",
		"84": "抓钩",
		"85": "自动选择       ",
		"86": "重置为默认",
		"87": "加入",
		"88": "开服并开始游戏",
		"89": "输入服务器IP地址：",
		"8": "正在启动服务器...",
		"90": "输入服务器端口：",
		"91": "选择世界大小：",
		"92": "小",
		"93": "中",
		"94": "大",
		"95": "红：",
		"96": "绿：",
		"97": "蓝：",
		"98": "音效：",
		"99": "音乐：",
		"9": "加载失败！",
		"119": "环境："
	},
	"LegacyTooltip": {
		"0": "装备在社交栏",
		"10": "慢速度",
		"11": "很慢速度",
		"12": "极慢速度",
		"13": "蜗牛速度",
		"14": "无击退力",
		"15": "极弱击退力",
		"16": "很弱击退力",
		"17": "较弱击退力",
		"18": "普通击退力",
		"19": "较强击退力",
		"1": "不会获得任何属性",
		"20": "很强击退力",
		"21": "极强击退力",
		"22": "疯狂击退力",
		"23": "可装备",
		"24": "时装物品",
		"25": " 防御力",
		"26": "%镐力",
		"27": "%斧力",
		"28": "%锤力",
		"29": "恢复",
		"2": " 近战伤害",
		"30": "生命值",
		"31": "魔力",
		"32": "使用",
		"33": "可放置",
		"34": "弹药",
		"35": "消耗品",
		"36": "材料",
		"37": " 分钟持续时间",
		"38": " 秒持续时间",
		"39": "%伤害",
		"3": " 远程伤害",
		"40": "%速度",
		"41": "%暴击率",
		"42": "%魔力花费",
		"43": "%大小",
		"44": "%射速",
		"45": "%击退力",
		"46": "%移动速度",
		"47": "%近战速度",
		"48": "套装奖励：",
		"49": "售价：",
		"4": " 魔法伤害",
		"50": "买价：",
		"51": "无价",
		"52": "消耗 ",
		"53": " 召唤伤害",
		"54": " 范围",
		"55": " 伤害",
		"56": "标记为收藏",
		"57": "快速丢弃、堆叠和出售将被阻止",
		"58": " 投掷伤害",
		"59": "它已被一个强大的丛林生物诅咒",
		"5": "%暴击率",
		"6": "超快速度",
		"7": "很快速度",
		"8": "快速度",
		"9": "普通速度",
		"60": "无法在购物时装备或移除"
	},
	"LegacyMultiplayer": {
		"10": "你不在队伍中！",
		"11": "{0}已启用PvP！",
		"12": "{0}已禁用PvP！",
		"13": "{0}不再属于任何队伍。",
		"14": "{0}加入了红队。",
		"15": "{0}加入了绿队。",
		"16": "{0}加入了蓝队。",
		"17": "{0}加入了黄队。",
		"18": "欢迎来到",
		"19": "{0}已加入。",
		"1": "密码错误",
		"20": "{0}已离开。",
		"21": "/玩家",
		"22": "{0}加入了粉队。",
		"2": "目前状态下操作无效。",
		"3": "你已被此服务器封禁。",
		"4": "你使用的版本与此服务器不同。",
		"5": "已在此服务器上。",
		"6": "/玩",
		"7": "当前玩家：",
		"8": "/滚动",
		"9": "滚动一个",
		"0": "获得："
	},
	"LegacyMisc": {
		"0": "哥布林军队已被打败！",
		"100": "选择世界恶魔",
		"101": "腐化",
		"102": "猩红",
		"103": "随机",
		"10": "不寒而栗，毛骨悚然...",
		"11": "四面回荡着尖叫声...",
		"12": "你的世界已获赐钴！",
		"13": "你的世界已获赐秘银！",
		"14": "你的世界已获赐精金！",
		"15": "古老的光明与黑暗之魂已经释放。",
		"19": "{0}被杀死了...",
		"1": "一支哥布林军队正从西边逼近！",
		"20": "正在发生日食！",
		"21": "你的世界已获赐钯金！",
		"22": "你的世界已获赐山铜！",
		"23": "你的世界已获赐钛金！",
		"24": "海盗已被打败！",
		"25": "海盗正从西边逼近！",
		"26": "海盗正从东边逼近！",
		"27": "海盗来了！",
		"28": "你感受到地下深处的震动...",
		"29": "这将是一个可怕的夜晚...",
		"2": "一支哥布林军队正从东边逼近！",
		"30": "周围的空气越来越冷...",
		"31": "南瓜月正在升起...",
		"32": "丛林变得焦躁不安...",
		"33": "地牢中回荡着尖叫声...",
		"34": "霜月正在升起...",
		"35": "{0}已死去！",
		"36": "{0}已离开！",
		"37": "任何",
		"38": "压力板",
		"39": " 提高了生命再生速度",
		"3": "哥布林军队来了！",
		"40": "提高生命再生速度",
		"41": "火星人要入侵了！",
		"42": "火星人已被打败！",
		"43": "天界生物要入侵了！",
		"44": "你的头脑变得麻木...",
		"45": "你痛苦不堪...",
		"46": "阴森的声音在你耳边萦绕不绝...",
		"47": "月亮领主已苏醒！",
		"48": "双子魔眼已经醒来！",
		"49": "你从一个奇怪的梦中醒来...",
		"4": "雪人军团已被打败！",
		"50": "已被打败！",
		"51": "月亮碎片",
		"52": "月亮末日慢慢逼近...",
		"53": "选择",
		"54": "拿走",
		"55": "拿走一个",
		"56": "关闭",
		"57": "抓钩",
		"58": "跳",
		"59": "循环快捷键",
		"5": "雪人军团正从西边逼近！",
		"60": "攻击",
		"61": "建造",
		"62": "饮用",
		"63": "操作",
		"64": "切换菜单",
		"65": "放置",
		"66": "交换",
		"67": "装备",
		"68": "卸下装备",
		"69": "显示房间旗帜",
		"6": "雪人军团正从东边逼近！",
		"70": "检查房屋",
		"71": "快速制作",
		"72": "制作",
		"73": "选择",
		"74": "丢弃",
		"75": "出售",
		"76": "转让",
		"77": "显示画面",
		"78": "隐藏画面",
		"79": "使用",
		"7": "雪人军团来了！",
		"80": "交谈",
		"81": "阅读",
		"82": "返回",
		"83": "收藏",
		"84": "你不能在团队块内更改团队！",
		"85": "丛林虫子",
		"86": "鸭",
		"87": "蝴蝶",
		"88": "萤火虫",
		"89": "接线选项",
		"8": "血月正在升起...",
		"90": "购买",
		"91": "购买更多",
		"92": "出售",
		"93": "制作更多",
		"94": "尝试移除",
		"95": "蜗牛",
		"96": "看起来像 ",
		"97": " 在举办派对",
		"98": " 在举办派对",
		"99": "派对时间结束！",
		"9": "你感到有个邪恶的东西在看着你...",
		"104": "在埃特尼亚水晶得到保护之前，无法在没有天国魔力的情况下使用",
		"105": "蜻蜓"
	},
	"LegacyInterface": {
		"0": "生命：",
		"100": "生物数",
		"101": "杀敌数",
		"102": "月相",
		"103": "移动速度",
		"104": "宝藏",
		"105": "稀有生物",
		"106": "每秒伤害",
		"107": "奇异植物",
		"108": "打开地图",
		"109": "关闭地图",
		"10": "防御力",
		"110": "打开文件夹",
		"111": "截图",
		"112": "你必须先设置边框",
		"113": "仅在窗口模式中可用",
		"114": "仅在启用地图时可用",
		"115": "相机模式已禁用",
		"116": "突出显示新物品关",
		"117": "突出显示新物品开",
		"118": "放大",
		"119": "缩小",
		"11": "装扮",
		"120": "传送至盟友",
		"121": "掉落物品",
		"122": "排列物品",
		"123": "冷天气",
		"12": "头盔",
		"13": "上衣",
		"14": "裤装",
		"15": "铂金",
		"16": "金",
		"17": "银",
		"18": "铜",
		"19": "重铸",
		"1": "呼吸",
		"20": "将物品放到此处重铸",
		"21": "显示使用以下物品的配方",
		"22": "所需物品：",
		"23": "无",
		"24": "在此放置物品",
		"25": "制作",
		"26": "钱币",
		"27": "弹药",
		"28": "商店",
		"29": "强夺全部",
		"2": "魔力",
		"30": "存放全部",
		"31": "快速堆叠",
		"32": "猪猪存钱罐",
		"33": "保险箱",
		"34": "时间",
		"35": "保存并退出",
		"36": "断开连接",
		"37": "物品",
		"38": "你被杀死了...",
		"39": "此房屋很适合。",
		"3": "垃圾桶",
		"40": "这不是有效的房屋。",
		"41": "此房屋已被占领。",
		"42": "此房屋已腐化。",
		"43": "连接超时",
		"44": "正在接收图格数据",
		"45": "装备",
		"46": "花费",
		"47": "保存",
		"48": "编辑",
		"49": "状态",
		"4": "物品栏",
		"50": "诅咒",
		"51": "帮助",
		"52": "关闭",
		"53": "水",
		"54": "治疗",
		"55": "此房屋不符合",
		"56": "熔岩",
		"57": "染料",
		"58": "蜂蜜",
		"59": "可见",
		"5": "快捷键已解锁",
		"60": "隐藏",
		"61": "重命名",
		"62": "设置",
		"63": "取消",
		"64": "任务",
		"65": "任务物品",
		"66": "存款",
		"67": "拍快照",
		"68": "设置",
		"69": "固定边框",
		"6": "快捷键已锁定",
		"70": "设置边框",
		"71": "关闭",
		"72": "开",
		"73": "关",
		"74": "图像整合",
		"75": "捕捉生命体",
		"76": "捕捉背景",
		"77": "生物群落选择",
		"78": "重置边框",
		"79": "装备",
		"7": "房屋",
		"80": "房屋",
		"81": "相机模式",
		"82": "补货",
		"83": "霜月",
		"84": "南瓜月",
		"85": "火星暴乱",
		"86": "海盗入侵",
		"87": "雪人军团",
		"88": "哥布林军队",
		"89": "收集",
		"8": "房屋查询",
		"90": "抓钩",
		"91": "坐骑",
		"92": "宠物",
		"93": "矿车",
		"94": "照明宠物",
		"95": "时间",
		"96": "天气",
		"97": "钓鱼",
		"98": "位置",
		"99": "深度",
		"9": "配饰",
		"124": "灵雾"
	},
	"LegacyChestType": {
		"0": "宝箱",
		"10": "常春藤箱",
		"11": "冰冻箱",
		"12": "生命木箱",
		"13": "天域箱",
		"14": "暗影木箱",
		"15": "蛛丝箱",
		"16": "丛林蜥蜴箱",
		"17": "水中箱",
		"18": "丛林箱",
		"19": "腐化箱",
		"1": "金箱",
		"20": "猩红箱",
		"21": "神圣箱",
		"22": "冰雪箱",
		"23": "加锁丛林箱",
		"24": "加锁腐化箱",
		"25": "加锁猩红箱",
		"26": "加锁神圣箱",
		"27": "加锁冰雪箱",
		"28": "王朝箱",
		"29": "蜂蜜箱",
		"2": "加锁金箱",
		"30": "蒸汽朋克箱",
		"31": "棕榈木箱",
		"32": "蘑菇箱",
		"33": "针叶木箱",
		"34": "史莱姆箱",
		"35": "绿地牢箱",
		"36": "加锁绿地牢箱",
		"37": "粉地牢箱",
		"38": "加锁粉地牢箱",
		"39": "蓝地牢箱",
		"3": "暗影箱",
		"40": "加锁蓝地牢箱",
		"41": "骨箱",
		"42": "仙人掌箱",
		"43": "血肉箱",
		"44": "黑曜石箱",
		"45": "南瓜箱",
		"46": "阴森箱",
		"47": "玻璃箱",
		"48": "火星箱",
		"49": "陨石箱",
		"4": "加锁暗影箱",
		"50": "花岗岩箱",
		"51": "大理石箱",
		"5": "桶",
		"6": "垃圾桶",
		"7": "乌木箱",
		"8": "红木箱",
		"9": "珍珠木箱"
	},
	"LegacyDresserType": {
		"0": "梳妆台",
		"10": "骨头梳妆台",
		"11": "仙人掌梳妆台",
		"12": "阴森梳妆台",
		"13": "天域梳妆台",
		"14": "蜂蜜梳妆台",
		"15": "丛林蜥蜴梳妆台",
		"16": "棕榈木梳妆台",
		"17": "蘑菇梳妆台",
		"18": "针叶木梳妆台",
		"19": "史莱姆梳妆台",
		"1": "乌木梳妆台",
		"20": "南瓜梳妆台",
		"21": "蒸汽朋克梳妆台",
		"22": "玻璃梳妆台",
		"23": "血肉梳妆台",
		"24": "火星梳妆台",
		"25": "陨石梳妆台",
		"26": "花岗岩梳妆台",
		"27": "大理石梳妆台",
		"2": "红木梳妆台",
		"3": "珍珠木梳妆台",
		"4": "暗影木梳妆台",
		"5": "蓝地牢梳妆台",
		"6": "绿地牢梳妆台",
		"7": "粉地牢梳妆台",
		"8": "金梳妆台",
		"9": "黑曜石梳妆台",
		"28": "{$ItemName.CrystalDresser}",
		"29": "{$ItemName.DynastyDresser}",
		"30": "{$ItemName.FrozenDresser}",
		"31": "{$ItemName.LivingWoodDresser}",
		"32": "{$ItemName.SpiderDresser}",
		"33": "{$ItemName.LesionDresser}",
		"34": "{$ItemName.SolarDresser}",
		"35": "{$ItemName.VortexDresser}",
		"36": "{$ItemName.NebulaDresser}",
		"37": "{$ItemName.StardustDresser}",
		"38": "{$ItemName.SandstoneDresser}",
		"39": "{$ItemName.BambooDresser}"
	},
	"LegacyChestType2": {
		"0": "{$ItemName.CrystalChest}",
		"1": "{$ItemName.GoldenChest}",
		"2": "{$ItemName.SpiderChest}",
		"3": "{$ItemName.LesionChest}",
		"4": "{$ItemName.GoldChest}",
		"5": "{$ItemName.SolarChest}",
		"6": "{$ItemName.VortexChest}",
		"7": "{$ItemName.NebulaChest}",
		"8": "{$ItemName.StardustChest}",
		"9": "{$ItemName.GolfChest}",
		"10": "{$ItemName.DesertChest}",
		"11": "{$ItemName.BambooChest}",
		"12": "{$ItemName.DungeonDesertChest}",
		"13": "加锁{$ItemName.DungeonDesertChest}"
	}
}