{
	"GameTitle": {
		"0": "泰拉瑞亚：劳工挖啊挖！",
		"1": "泰拉瑞亚：神土",
		"10": "泰拉瑞亚：挖土之王",
		"11": "泰拉瑞亚：没有奶牛层",
		"12": "泰拉瑞亚：可疑魔眼",
		"13": "泰拉瑞亚：紫草地！",
		"14": "泰拉瑞亚：没有人在后面挖！",
		"15": "泰拉瑞亚：物竞天择！",
		"16": "泰拉瑞亚：地球冒险",
		"17": "泰拉瑞亚：挖挖总有收获",
		"18": "泰拉瑞亚：有矿自有天相",
		"19": "泰拉瑞亚：天罚粘土",
		"2": "泰拉瑞亚：绝世精金！",
		"20": "泰拉瑞亚：陆地生物的麻烦",
		"21": "泰拉瑞亚：强迫症现象模仿者",
		"22": "泰拉瑞亚：红色开发救赎",
		"23": "泰拉瑞亚：史莱姆的崛起",
		"24": "泰拉瑞亚：现在有更多东西想杀你！",
		"25": "泰拉瑞亚：向导死亡的谣言被严重夸大了",
		"26": "泰拉瑞亚：我同情这些工具...",
		"27": "泰拉瑞亚：洞穴探险者惊道“那是什么”？",
		"28": "泰拉瑞亚：我回答“一些关于PC版更新的东西...”",
		"29": "泰拉瑞亚：愿块块与你同在",
		"3": "泰拉瑞亚：沙子被制服了",
		"30": "泰拉瑞亚：远超生命",
		"31": "泰拉瑞亚：泰拉瑞亚：泰拉瑞亚：",
		"32": "泰拉瑞亚：现推出1D",
		"33": "泰拉瑞亚：邻机即将拥有",
		"34": "泰拉瑞亚：除数为零",
		"35": "泰拉瑞亚：现已加入音效",
		"36": "泰拉瑞亚：按alt-f4",
		"37": "泰拉瑞亚：我同情这些工具",
		"38": "泰拉瑞亚：兄弟你疯了吧？",
		"39": "泰拉瑞亚：挖矿吉日",
		"4": "泰拉瑞亚第3部分：向导归来",
		"40": "泰拉瑞亚：重挖好吗？",
		"41": "泰拉瑞亚：我不知道--啊啊啊！",
		"42": "泰拉瑞亚：那紫色的尖玩艺儿是什么？",
		"43": "泰拉瑞亚：我想成为向导",
		"44": "泰拉瑞亚：克苏鲁疯了...还弄丢了眼睛！",
		"45": "泰拉瑞亚：伪蜜蜂！！！",
		"46": "泰拉瑞亚：麦克斯传奇",
		"47": "泰拉瑞亚：Cenx邪教",
		"48": "泰拉瑞亚2：电布加洛舞",
		"49": "泰拉瑞亚：试试《我的世界》！",
		"5": "泰拉瑞亚：兔兔的传说",
		"50": "泰拉瑞亚：试试《旷野之息》！",
		"51": "泰拉瑞亚：我只想知道金子在哪？",
		"52": "泰拉瑞亚：现在有更多鸭子！",
		"53": "泰拉瑞亚：9 + 1 = 11",
		"54": "泰拉瑞亚：无限世纪之花",
		"6": "泰拉瑞亚：骷髅博士和血月神庙",
		"7": "泰拉瑞亚：史莱姆侏罗纪公园",
		"8": "泰拉瑞亚：这边的草地更绿",
		"9": "泰拉瑞亚：5岁以下的儿童不宜使用小块块",
		"55": "泰拉瑞亚：少说多挖之外传！",
		"56": "泰拉瑞亚：也试试饥荒吧！"
	},
	"Achievements": {
		"ARCHAEOLOGIST_Description": "杀死骷髅博士。",
		"ARCHAEOLOGIST_Name": "考古学家",
		"BALEFUL_HARVEST_Description": "到达南瓜月的第15波攻击，恶魔潜伏在金秋丰收之中。",
		"BALEFUL_HARVEST_Name": "邪恶丰收",
		"BEGONE_EVIL_Description": "用强大而神圣的锤子砸碎恶魔或猩红祭坛。",
		"BEGONE_EVIL_Name": "滚开，恶魔！",
		"BEHIND_THE_MASK_Description": "杀死疯狂信徒，一位拥有强大法术的疯狂魔法师。",
		"BEHIND_THE_MASK_Name": "面具背后",
		"BIG_BOOTY_Description": "用一把特别的钥匙打开地牢中的其中一个神秘大宝箱。",
		"BIG_BOOTY_Name": "丰厚战利品",
		"BLOODBATH_Description": "在血月之夜中活下来，在这一夜间事件中，河流被染红，怪物蜂拥而至。",
		"BLOODBATH_Name": "大屠杀",
		"BONED_Description": "打败骷髅王，地牢中被诅咒的守卫。",
		"BONED_Name": "粉身碎骨",
		"BUCKETS_OF_BOLTS_Description": "打败三个夜间出没的危险机械怪物：双子魔眼、毁灭者和机械骷髅王。",
		"BUCKETS_OF_BOLTS_Name": "万矢齐发",
		"BULLDOZER_Description": "共破坏10,000个图格。",
		"BULLDOZER_Name": "推土机",
		"ChallengerCategory": "挑战者",
		"CHAMPION_OF_TERRARIA_Description": "打败月亮领主。",
		"CHAMPION_OF_TERRARIA_Name": "泰拉瑞亚战士",
		"CollectorCategory": "收藏家",
		"Completed": "成就已完成！{0}",
		"COMPLETELY_AWESOME_Description": "获得一把迷你鲨。",
		"COMPLETELY_AWESOME_Name": "妙不可言",
		"DAVY_JONES_LOCKER_Description": "打败荷兰飞盗船，四处抢劫的船队。",
		"DAVY_JONES_LOCKER_Name": "戴维·琼斯之箱",
		"DECEIVER_OF_FOOLS_Description": "杀死宁芙。",
		"DECEIVER_OF_FOOLS_Name": "傻瓜骗子",
		"DO_YOU_WANT_TO_SLAY_A_SNOWMAN_Description": "征服雪人军团，疯狂雪人暴徒的欢乐家族。",
		"DO_YOU_WANT_TO_SLAY_A_SNOWMAN_Name": "想要杀死雪人吗？",
		"DRAX_ATTAX_Description": "用神圣锭和三个机械boss的灵魂制作斧钻或镐斧。",
		"DRAX_ATTAX_Name": "斧钻战队",
		"DUNGEON_HEIST_Description": "从地牢的活尸处偷取钥匙，打开其中一个珍贵的金箱。",
		"DUNGEON_HEIST_Name": "地牢大劫案",
		"DYE_HARD_Description": "尽可能在每个染料栏中装备一种染料。",
		"DYE_HARD_Name": "处处遍染",
		"ExplorerCategory": "探险家",
		"EXTRA_SHINY_Description": "开采你的世界新获赐的强大矿石。",
		"EXTRA_SHINY_Name": "光彩夺目！",
		"EYE_ON_YOU_Description": "打败克苏鲁之眼，只在夜间出没的危险眼球怪。",
		"EYE_ON_YOU_Name": "盯着你",
		"FASHION_STATEMENT_Description": "在所有三种社交栏中装备盔甲或浮华服饰。",
		"FASHION_STATEMENT_Name": "时尚宣言",
		"FAST_AND_FISHIOUS_Description": "完成第50个渔夫任务。",
		"FAST_AND_FISHIOUS_Name": "游刃有鱼",
		"FISH_OUT_OF_WATER_Description": "打败猪龙鱼公爵，大海中的变异怪兽。",
		"FISH_OUT_OF_WATER_Name": "离水之鱼",
		"FREQUENT_FLYER_Description": "花费1个以上的金币接受护士的治疗。",
		"FREQUENT_FLYER_Name": "屡攻飞行怪",
		"FUNKYTOWN_Description": "打造或发现地表上的发光蘑菇地。",
		"FUNKYTOWN_Name": "时髦小镇",
		"GELATIN_WORLD_TOUR_Description": "打败每一种史莱姆！",
		"GELATIN_WORLD_TOUR_Name": "明胶世界之旅",
		"GET_A_LIFE_Description": "吃一个生命果，这种果子长在茂密的地下丛林草地中。",
		"GET_A_LIFE_Name": "重获新生",
		"GLORIOUS_GOLDEN_POLE_Description": "获得一根金钓竿。",
		"GLORIOUS_GOLDEN_POLE_Name": "荣耀金杆",
		"GOBLIN_PUNTER_Description": "击败哥布林入侵，一群低贱、野蛮、粗暴的尖耳朵战士和暗影焰巫士。",
		"GOBLIN_PUNTER_Name": "哥布林草民",
		"GOOD_LITTLE_SLAVE_Description": "完成第10个渔夫任务。",
		"GOOD_LITTLE_SLAVE_Name": "三好小奴隶",
		"HEAD_IN_THE_CLOUDS_Description": "装备一对翅膀。",
		"HEAD_IN_THE_CLOUDS_Name": "冲上云霄",
		"HEART_BREAKER_Description": "发现并粉碎第一颗地下水晶之心。",
		"HEART_BREAKER_Name": "碎心",
		"HEAVY_METAL_Description": "获得由铁或铅制成的砧子。",
		"HEAVY_METAL_Name": "重金属",
		"HEX_EDUCATION_Description": "打败哥布林召唤师，掌控黑暗烈焰的巫师。",
		"HEX_EDUCATION_Name": "魔法教训",
		"HOLD_ON_TIGHT_Description": "装备第一个抓钩。",
		"HOLD_ON_TIGHT_Name": "钩紧！",
		"ICE_SCREAM_Description": "到达霜月的第15波攻击，节日季将迅速沦为疯狂暴动。",
		"ICE_SCREAM_Name": "寒冰尖啸",
		"INDEPENDENCE_DAY_Description": "打败母舰，火星入侵者的宿主。",
		"INDEPENDENCE_DAY_Name": "独立日",
		"INTO_ORBIT_Description": "在这儿你只能往下走！",
		"INTO_ORBIT_Name": "进入轨道",
		"ITS_GETTING_HOT_IN_HERE_Description": "深入洞穴探险，到达熔岩地狱。",
		"ITS_GETTING_HOT_IN_HERE_Name": "越来越热",
		"ITS_HARD_Description": "在你的世界里释放古老的光明与黑暗之魂，打败无比强大的敌人，利用耀眼夺目的宝藏（和彩虹！）净化世界。",
		"ITS_HARD_Name": "举步维艰！",
		"IT_CAN_TALK_Description": "在蘑菇群落里建造一栋房屋，并让松露人住进来。",
		"IT_CAN_TALK_Name": "它能说话？！",
		"I_AM_LOOT_Description": "发现一个地下金箱并偷看里面有什么。",
		"I_AM_LOOT_Name": "我是战利品！",
		"JEEPERS_CREEPERS_Description": "摸索进入地下蜘蛛洞。",
		"JEEPERS_CREEPERS_Name": "毛骨悚然",
		"KILL_THE_SUN_Description": "活着度过比黑夜还黑的日食之日，到处都是可怕生物。",
		"KILL_THE_SUN_Name": "食日",
		"LIHZAHRDIAN_IDOL_Description": "打败石巨人，丛林蜥蜴部落的石脸祭祀神像。",
		"LIHZAHRDIAN_IDOL_Name": "丛林蜥蜴之神",
		"LIKE_A_BOSS_Description": "获得召唤boss的物品。",
		"LIKE_A_BOSS_Name": "怪气外露",
		"LUCKY_BREAK_Description": "活着从高处跌落并且只剩下一丁点生命值。",
		"LUCKY_BREAK_Name": "时来运转",
		"MARATHON_MEDALIST_Description": "总共步行26.2英里。",
		"MARATHON_MEDALIST_Name": "马拉松奖牌得主",
		"MASTERMIND_Description": "打败克苏鲁之脑，这个巨大的恶魔大脑常常出现在毛骨茸然的猩红之地。",
		"MASTERMIND_Name": "最强大脑",
		"MATCHING_ATTIRE_Description": "在所有三个盔甲栏（头部、胸部和脚部）中装备盔甲。",
		"MATCHING_ATTIRE_Name": "全副武装",
		"MECHA_MAYHEM_Description": "同时与双子魔眼、毁灭者和机械骷髅王战斗并获胜。",
		"MECHA_MAYHEM_Name": "机甲混战",
		"MINER_FOR_FIRE_Description": "使用最热的材料制作熔岩镐。",
		"MINER_FOR_FIRE_Name": "烈焰矿工",
		"NoCategory": "无",
		"NOT_THE_BEES_Description": "穿上一整套蜜蜂盔甲使用蜜蜂枪射击。",
		"NOT_THE_BEES_Name": "伪蜜蜂！",
		"NO_HOBO_Description": "建造一栋足够大的房屋，让第一个城镇的NPC（如向导）住进来。",
		"NO_HOBO_Name": "有家可归",
		"OBSESSIVE_DEVOTION_Description": "打败远古信徒，地牢女巫团的狂热首领。",
		"OBSESSIVE_DEVOTION_Name": "虔诚信仰",
		"OBTAIN_HAMMER_Description": "通过制作或其他方式获得第一把锤子。",
		"OBTAIN_HAMMER_Name": "停！锤子时间到！",
		"OOO_SHINY_Description": "用镐开采第一块矿石。",
		"OOO_SHINY_Name": "哦！亮闪闪！",
		"PHOTOSYNTHESIS_Description": "开采叶绿矿石，一种深藏在最稠密的植物中的有机矿石。",
		"PHOTOSYNTHESIS_Name": "光合作用",
		"PRETTY_IN_PINK_Description": "杀死粉史莱姆。",
		"PRETTY_IN_PINK_Name": "粉红佳人",
		"PRISMANCER_Description": "获得一根彩虹魔杖。",
		"PRISMANCER_Name": "七彩法师",
		"PUMPKIN_SMASHER_Description": "打败南瓜王，万圣节前夕的恐怖领主。",
		"PUMPKIN_SMASHER_Name": "南瓜粉碎者",
		"RAINBOWS_AND_UNICORNS_Description": "骑着独角兽使用彩虹枪射击。",
		"RAINBOWS_AND_UNICORNS_Name": "彩虹和独角兽",
		"REAL_ESTATE_AGENT_Description": "让所有可以的城镇NPC住在你的世界里。",
		"REAL_ESTATE_AGENT_Name": "房地产经纪人",
		"ROBBING_THE_GRAVE_Description": "从难对付的地牢怪兽那儿获得稀世珍宝。",
		"ROBBING_THE_GRAVE_Name": "盗墓",
		"ROCK_BOTTOM_Description": "唯一的出路是向上！",
		"ROCK_BOTTOM_Name": "最底层",
		"SERVANT_IN_TRAINING_Description": "完成第1个渔夫任务。",
		"SERVANT_IN_TRAINING_Name": "受训仆人",
		"SICK_THROW_Description": "获得泰拉悠悠球。",
		"SICK_THROW_Name": "非凡投掷",
		"SlayerCategory": "杀手",
		"SLAYER_OF_WORLDS_Description": "打败泰拉瑞亚中的每个boss。",
		"SLAYER_OF_WORLDS_Name": "世界杀手",
		"SLIPPERY_SHINOBI_Description": "打败史莱姆王，所有黏滑生物的首领。",
		"SLIPPERY_SHINOBI_Name": "黏滑忍者",
		"SMASHING_POPPET_Description": "使用炸药或可靠锤子，在世界的邪恶地带中粉碎暗影珠或猩红之心。",
		"SMASHING_POPPET_Name": "碎得漂亮，小乖乖！",
		"STAR_DESTROYER_Description": "打败月亮上的四个天塔。",
		"STAR_DESTROYER_Name": "灭星者",
		"STAR_POWER_Description": "使用坠落之星制作魔力水晶并使用它。",
		"STAR_POWER_Name": "星之魔力",
		"STICKY_SITUATION_Description": "在史莱姆雨中活下来，在此期间胶状生物会成群结队地从天而降。",
		"STICKY_SITUATION_Name": "黏黏糊糊",
		"STILL_HUNGRY_Description": "打败血肉墙，它是世界的主宰与核心，会在大型的燃烧献祭后出现。",
		"STILL_HUNGRY_Name": "野心依旧",
		"STING_OPERATION_Description": "打败蜂王，统治丛林蜂巢的女王。",
		"STING_OPERATION_Name": "蜇刺行动",
		"SUPREME_HELPER_MINION_Description": "共完成200个渔夫任务。",
		"SUPREME_HELPER_MINION_Name": "终极得力仆从！",
		"SWORD_OF_THE_HERO_Description": "获得一把汲取了日月精华的锋刃锻造而成的泰拉刃。",
		"SWORD_OF_THE_HERO_Name": "英雄之剑",
		"TEMPLE_RAIDER_Description": "攻破丛林神庙坚不可摧的墙。",
		"TEMPLE_RAIDER_Name": "神庙入侵者",
		"THERE_ARE_SOME_WHO_CALL_HIM_Description": "杀死蒂姆。",
		"THERE_ARE_SOME_WHO_CALL_HIM_Name": "有人要杀他...",
		"THE_CAVALRY_Description": "装备坐骑。",
		"THE_CAVALRY_Name": "骑兵",
		"THE_GREAT_SOUTHERN_PLANTKILL_Description": "打败世纪之花，蔓生在丛林深处的畸形怪花。",
		"THE_GREAT_SOUTHERN_PLANTKILL_Name": "大南方植物终结者",
		"THROWING_LINES_Description": "投掷悠悠球。",
		"THROWING_LINES_Name": "扔绳子",
		"TIL_DEATH_Description": "杀死僵尸新郎。",
		"TIL_DEATH_Name": "至死不渝...",
		"TIMBER_Description": "砍倒第一棵树。",
		"TIMBER_Name": "木材！！",
		"TIN_FOIL_HATTER_Description": "击败火星人入侵，不属于这个世界的外星人会让你乱了套，令你心神不宁。",
		"TIN_FOIL_HATTER_Name": "锡箔帽商",
		"TOPPED_OFF_Description": "在没有配饰或增益的情况下获得最大生命值和魔力值。",
		"TOPPED_OFF_Name": "满满当当",
		"TROUT_MONKEY_Description": "完成第25个渔夫任务。",
		"TROUT_MONKEY_Name": "顽皮鳟鱼",
		"VEHICULAR_MANSLAUGHTER_Description": "通过开矿车辗轧敌人来打败敌人。",
		"VEHICULAR_MANSLAUGHTER_Name": "开车谋杀",
		"WALK_THE_PLANK_Description": "击败海盗入侵，这群来自海上的劫匪不仅要抢你的战利品...还要你的命！",
		"WALK_THE_PLANK_Name": "稳走跳板",
		"WATCH_YOUR_STEP_Description": "掉进险恶的地下机关。",
		"WATCH_YOUR_STEP_Name": "当心脚下！",
		"WHERES_MY_HONEY_Description": "发现丛林深处的巨蜂蜂巢。",
		"WHERES_MY_HONEY_Name": "我的蜂蜜在哪儿？",
		"WINTERHEARTED_Description": "打败冰雪女王，在最寒冷夜晚里出现的邪恶女巫。",
		"WINTERHEARTED_Name": "冷若冰霜",
		"WORM_FODDER_Description": "打败世界吞噬怪，居住在腐化之地的巨虫。",
		"WORM_FODDER_Name": "虫粮",
		"YOU_AND_WHAT_ARMY_Description": "同时控制九个召唤仆从。",
		"YOU_AND_WHAT_ARMY_Name": "你和哪路神仙啊？",
		"YOU_CAN_DO_IT_Description": "让你的角色安然度过第一晚。",
		"YOU_CAN_DO_IT_Name": "你能行！",
		"DEFEAT_DREADNAUTILUS_Description": "打败恐惧鹦鹉螺，这是潜伏在血染海面之下的残忍软体动物。",
		"DEFEAT_DREADNAUTILUS_Name": "不要怕我",
		"DEFEAT_EMPRESS_OF_LIGHT_Description": "打败光之女皇，她应为所有闪烁灯光和闪光负责。",
		"DEFEAT_EMPRESS_OF_LIGHT_Name": "剥皮怪法埃",
		"DEFEAT_OLD_ONES_ARMY_TIER3_Description": "驱除撒旦军队可以召集的最强大的部队。",
		"DEFEAT_OLD_ONES_ARMY_TIER3_Name": "埃特尼亚的英雄",
		"DEFEAT_QUEEN_SLIME_Description": "打败史莱姆皇后，她给予了所有摇摆不定的君主致命一击。",
		"DEFEAT_QUEEN_SLIME_Name": "甜点而已",
		"DIE_TO_DEAD_MANS_CHEST_Description": "你一心在琢磨能否打开宝箱，却没有想过是否应该打开宝箱。",
		"DIE_TO_DEAD_MANS_CHEST_Name": "死人不会告密",
		"FIND_A_FAIRY_Description": "遇到一个仙灵。",
		"FIND_A_FAIRY_Name": "嘿！听着！",
		"FLY_A_KITE_ON_A_WINDY_DAY_Description": "在大风天放风筝。",
		"FLY_A_KITE_ON_A_WINDY_DAY_Name": "狂风大作的一天",
		"FOUND_GRAVEYARD_Description": "进入笼罩着薄雾的墓地，墓地中到处都是粗鲁无礼的死人。",
		"FOUND_GRAVEYARD_Name": "安静的邻里",
		"GET_TERRASPARK_BOOTS_Description": "获得泰拉闪耀靴，这是用最好的火系和冰系靴子铸成的。",
		"GET_TERRASPARK_BOOTS_Name": "英雄靴子",
		"GET_ZENITH_Description": "获得天顶剑，这是铸就终极之剑的旅程的高潮。",
		"GET_ZENITH_Name": "超越无极之剑",
		"GO_LAVA_FISHING_Description": "将诱饵投入熔岩池，在鱼炸熟之前先钓点鱼！",
		"GO_LAVA_FISHING_Name": "火热渔线轮！",
		"PET_THE_PET_Description": "去拍拍镇上宠物的脑袋。",
		"PET_THE_PET_Name": "感觉无足轻重",
		"TALK_TO_NPC_AT_MAX_HAPPINESS_Description": "与一位尽可能快乐的租户见面！",
		"TALK_TO_NPC_AT_MAX_HAPPINESS_Name": "主要房东",
		"THROW_A_PARTY_Description": "庆祝什么根本不重要，办派对就好啦！",
		"THROW_A_PARTY_Name": "欢乐的聚会",
		"TURN_GNOME_TO_STATUE_Description": "诱使侏儒变成石头！",
		"TURN_GNOME_TO_STATUE_Name": "日光恐怖症",
		"BENCHED_Description": "制作你的第一个工作台。",
		"BENCHED_Name": "已制作工作台"
	},
	"CLI": {
		"AutomaticPortForward": "自动转发端口？（是/否）：",
		"AvailableCommands": "可用命令：",
		"BanMessage": "已从服务器封禁。",
		"Ban_Command": "封禁",
		"Ban_Description": "从服务器封禁玩家。",
		"Ban_Example": "封禁<player>",
		"Ban_Usage": "用途：封禁<player>",
		"ChooseDifficulty": "选择难度：",
		"ChooseEvil": "选择世界恶魔：",
		"ChooseSize": "选择大小：",
		"ChooseWorld": "选择世界：",
		"Clear_Command": "清除",
		"Clear_Description": "清除控制台窗口。",
		"ClientWasBooted": "{0}已踢出：{1}",
		"Corrupt": "腐化",
		"Crimson": "猩红",
		"Dawn_Command": "黎明",
		"Dawn_Description": "将时间更改为黎明。",
		"DeleteConfirmation": "确定要删除{0}？",
		"DeleteWorld_Command": "删除",
		"DeleteWorld_Description": "删除世界",
		"DeleteWorld_Example": "删除<number>",
		"Dusk_Command": "黄昏",
		"Dusk_Description": "将时间更改为黄昏。",
		"EnterServerPassword": "服务器密码（按enter表示不设置）：",
		"EnterWorldName": "输入世界名称：",
		"ExitNoSave_Command": "退出并不保存",
		"ExitNoSave_Description": "关闭服务器但不保存。",
		"Exit_Command": "退出",
		"Exit_Description": "关闭服务器并保存。",
		"FPS_Command": "fps",
		"HelpHint": "键入“帮助”可查看命令列表。",
		"Help_Command": "帮助",
		"Help_Description": "显示命令列表。",
		"InvalidCommand": "无效命令。",
		"KickMessage": "已从服务器踢除。",
		"Kick_Command": "剔除",
		"Kick_Description": "将玩家踢出服务器。",
		"Kick_Example": "踢除<player>",
		"Kick_Usage": "用途：踢除<player>",
		"ListeningOnPort": "侦听端口{0}",
		"MaxPlayers_Command": "最大玩家数",
		"MaxPlayers_Description": "显示最大玩家数量。",
		"Midnight_Command": "午夜",
		"Midnight_Description": "将时间更改为午夜。",
		"MOTD": "每日消息：{0}",
		"MOTD_Command": "每日消息",
		"MOTD_Description": "显示每日消息。",
		"NewWorld_Command": "新",
		"NewWorld_Description": "新世界",
		"No": "否",
		"NoMOTD": "欢迎来到{0}！",
		"Noon_Command": "正午",
		"Noon_Description": "将时间更改为正午。",
		"NoPassword": "未设置密码。",
		"NoPlayers": "无玩家连接。",
		"OnePlayerConnected": "1个玩家已连接。",
		"Password": "密码：{0}",
		"PasswordDisabled": "密码已禁用。",
		"PasswordSet": "密码：{0}",
		"Password_Command": "密码",
		"Password_Description": "显示密码。",
		"PlayerLimit": "玩家限制：{0}",
		"PlayersConnected": "{0}个玩家已连接。",
		"Playing_Command": "游戏中",
		"Playing_Description": "显示玩家列表。",
		"Port": "端口：{0}",
		"Port_Command": "端口",
		"Port_Description": "显示侦听端口。",
		"Random": "随机",
		"Save_Command": "保存",
		"Save_Description": "保存游戏世界。",
		"Say_Command": "说",
		"Say_Description": "发送消息。",
		"Say_Example": "说<words>",
		"Say_Usage": "用途：说<words>",
		"Server": "泰拉瑞亚服务器{0}",
		"ServerMessage": "<Server> {0}",
		"ServerStarted": "服务器已启动",
		"SetInitialMaxPlayers": "最大玩家数（按enter表示16）：",
		"SetInitialPort": "服务器端口（按enter表示7777）:",
		"SetMOTD_Command": "每日消息",
		"SetMOTD_Description": "更改每日消息。",
		"SetMOTD_Example": "每日消息<words>",
		"SetPassword_Command": "密码",
		"SetPassword_Description": "更改密码。",
		"SetPassword_Example": "密码<pass>",
		"Settle_Command": "放置",
		"Settle_Description": "放置所有水域。",
		"ShortNo": "新",
		"ShortYes": "是",
		"Time": "时间：{0}",
		"Time_Command": "时间",
		"Time_Description": "显示游戏时间。",
		"Version_Command": "版本",
		"Version_Description": "显示版本号。",
		"WaterIsAlreadySettling": "水域已放置",
		"Yes": "是",
		"DisplaySeed": "世界种子：{0}",
		"EnterSeed": "输入种子（随机留空）：",
		"NoValidSeed": "本世界在不支持种子的较旧版本中生成。",
		"Seed_Command": "种子",
		"Seed_Description": "显示世界种子。",
		"SeedLengthTooLong": "所输入的种子太长！（字符数上限：{0}）",
		"WorldNameLengthTooLong": "所输入的世界名称太长！（字符数上限：{0}）",
		"ServerIsFull": "此服务器已满，请稍后再试。"
	},
	"Controls": {
		"RightClick": "右键点击",
		"LeftClick": "左键点击"
	},
	"Currency": {
		"Copper": "铜",
		"DefenderMedals": "护卫奖章",
		"Gold": "金",
		"Platinum": "铂金",
		"Silver": "银"
	},
	"Enemies": {
		"MoonLord": "月亮领主",
		"TheTwins": "双子魔眼"
	},
	"Error": {
		"BadHeaderBufferOverflow": "标头错误导致读取缓冲区溢出。",
		"CaptureError": "保存捕获数据时出错。正在重试...",
		"DataSentAfterConnectionLost": "尝试在断开连接后将数据发送至客户端",
		"Error": "错误",
		"ExceptionNormal": "   普通异常：{0}",
		"LaunchFromSteam": "请从 Steam 客户端启动游戏。",
		"LoadFailed": "加载失败！",
		"LoadFailedNoBackup": "加载失败！找不到备份。",
		"NetMessageError": "消息 {0} 出错",
		"ServerCrash": "服务器崩溃：{0}\n{1}\n请将 crashlog.txt 发送至 support@terraria.org",
		"TriedToRunServerTwice": "尝试在同一台计算机上运行两个服务器",
		"UnableToCapture": "无法捕获。",
		"UnableToLoadWorld": "无法加载世界：",
		"UnableToWritePreferences": "无法在以下位置写入文件：{0}",
		"InvalidLobbyFlag": "-大厅旗帜已使用，没有\"{0}\"或\"{1}\"。请忽略它。"
	},
	"Game": {
		"Actuators": "制动器",
		"BallBounceResult": "触地前，触击{0}{1}次！",
		"BedObstructed": "你的床被挡住了。",
		"BlueWires": "蓝电线",
		"DroppedCoins": "掉了{0}",
		"EnemiesDefeatedAnnouncement": "已打败第{0}个{1}！",
		"EnemiesDefeatedByAnnouncement": "{0}打败了第{1}个{2}！",
		"FinalWave": "最后一波",
		"FirstWave": "第一波",
		"GreenWires": "绿电线",
		"HasTeleportedTo": "{0}已传送至{1}",
		"HouseChair": "椅子",
		"HouseDoor": "门",
		"HouseLightSource": "光源",
		"HouseMissing_1": "这个房屋缺少{0}。",
		"HouseMissing_2": "这个房屋缺少{0}和{1}。",
		"HouseMissing_3": "这个房屋缺少{0}、{1}和{2}。",
		"HouseMissing_4": "这个房屋缺少{0}、{1}、{2}和{3}。",
		"HouseTable": "桌子",
		"InvasionPoints": "{0}点",
		"InvasionWave_Type1": "{0}：{1}",
		"InvasionWave_Type2": "{0}：{1}和{2}",
		"InvasionWave_Type3": "{0}：{1}、{2}和{3}",
		"InvasionWave_Type4": "{0}：{1}、{2}、{3}和{4}",
		"InvasionWave_Type5": "{0}：{1}、{2}、{3}、{4}和{5}",
		"InvasionWave_Type6": "{0}：{1}、{2}、{3}、{4}、{5}和{6}",
		"InvasionWave_Type7": "{0}：{1}、{2}、{3}、{4}、{5}、{6}和{7}",
		"InvasionWave_Type8": "{0}：{1}、{2}、{3}、{4}、{5}、{6}、{7}和{8}",
		"JoinGreeting": "当前玩家：{0}。",
		"NPCTitle": "{1}{0}",
		"PlayerDeathTime": "{0}在{1}前死了",
		"PvPFlag": "（玩家对决）",
		"RedWires": "红电线",
		"SpawnPointRemoved": "生成位置已移除！",
		"SpawnPointSet": "生成位置已设置！",
		"TeleportTo": "传送至{0}",
		"Time": "时间：{0}",
		"Wave": "波数：{0}",
		"WaveCleared": "已清理{0}波",
		"WaveMessage": "第{0}波：{1}",
		"YellowWires": "黄电线",
		"BirthdayParty_1": "好像{0}正在开派对",
		"BirthdayParty_2": "好像{0}和{1}正在开派对",
		"BirthdayParty_3": "好像{0}、{1}和{2}正在开派对",
		"RespawnInPrefix": "",
		"RespawnInSuffix": "{0}",
		"BallBounceResultGolf_Plural": "{0}以{2}杆击{1}入洞！",
		"BallBounceResultGolf_Single": "{0}以{2}杆击{1}入洞！",
		"ReservedForNPC": "为{0}预留",
		"DarknessDanger": "光线非常暗……你觉得有危险……",
		"DarknessSafe": "黑暗的危险已经过去了。"
	},
	"GameUI": {
		"ActuationDeviceOff": "制动设备关",
		"ActuationDeviceOn": "制动设备开",
		"BaitPower": "{0}%鱼饵力",
		"BaitRequired": "需要鱼饵才能抓鱼",
		"Bright": "明亮",
		"Buy": "购买",
		"BuyWithValue": "购买({0})",
		"Cancel": "取消",
		"Change": "更改",
		"Clear": "清除",
		"Cloudy": "多云",
		"CompassCenter": "中心",
		"CompassEast": "{0}以东",
		"CompassWest": "{0}以西",
		"CraftingWindow": "制作窗口",
		"Depth": "{0}的",
		"DepthLevel": "级别",
		"Disabled": "已禁用",
		"DPS": "每秒{0}伤害",
		"EastWind": " （{0} mph东风）",
		"Enabled": "已启用",
		"EnemiesNearby": "附近有{0}个敌人！",
		"Expert": "专家",
		"Faded": "褪色",
		"FirstQuarter": "上弦月",
		"FishingPower": "{0}点渔力",
		"FishingWarning": "警告！",
		"FullFishingPower": "{0}({1}%)点渔力",
		"FullMoon": "满月",
		"HairStyle": "发型",
		"HeatDistortion": "热变形：{0}",
		"HeavyRain": "暴雨",
		"Hidden": "隐藏",
		"LayerCaverns": "洞穴",
		"LayerSpace": "太空",
		"LayerSurface": "地表",
		"LayerUnderground": "地下",
		"LayerUnderworld": "地狱",
		"LightRain": "小雨",
		"MechanicalRulerOff": "机械标尺关",
		"MechanicalRulerOn": "机械标尺开",
		"MostlyCloudy": "大部多云",
		"NewMoon": "新月",
		"NoDPS": "无",
		"NoEnemiesNearby": "附近没有敌人",
		"NoKillCount": "杀敌数不可用",
		"NoRareCreatures": "附近没有稀有生物",
		"Normal": "经典",
		"NotEnoughWater": "水量不够！",
		"NoTreasureNearby": "附近没有宝藏",
		"OneEnemyNearby": "附近有1个敌人！",
		"OreDetected": "在附近发现{0}！",
		"Overcast": "阴天",
		"PaintSprayerOff": "喷漆器关",
		"PaintSprayerOn": "喷漆器开",
		"PartlyCloudy": "局部多云",
		"PlayerDistance": "（{0}英尺）",
		"PrecentFishingPower": "{0}%渔力",
		"QuickStackToNearby": "快速堆叠至附近的宝箱上",
		"Rain": "雨",
		"RulerOff": "标尺关",
		"RulerOn": "标尺开",
		"SettingsMenu": "设置菜单",
		"SortInventory": "物品栏排序",
		"Speed": "{0} mph",
		"StormEffects": "暴风雨影响：{0}",
		"ThirdQuarter": "下弦月",
		"WaningCrescent": "残月",
		"WaningGibbous": "亏凸月",
		"WaxingCrescent": "娥眉月",
		"WaxingGibbous": "盈凸月",
		"WestWind": " （{0} mph西风）",
		"WireModeForced": "机械显示：始终显示",
		"WireModeNormal": "机械显示：正常",
		"Gameplay": "游戏设置",
		"GameZoom": "缩放：{0}% ({1}%)",
		"LightingUpdateEveryFrameOff": "快速照明关闭",
		"LightingUpdateEveryFrameOn": "Rapid Lighting On",
		"Misc": "其他",
		"QualityHigh": "高",
		"QualityLow": "低",
		"QualityMedium": "中",
		"QualityOff": "关",
		"UIScale": "UI比例：{0}% ({1}%)",
		"WaveQuality": "水波质量：{0}",
		"ZoomCategory": "缩放",
		"OpenFileFolder": "{$LegacyInterface.110}",
		"Bestiary": "打开怪物图鉴",
		"BlockReplacerOff": "物块交换：关",
		"BlockReplacerOn": "物块交换：开",
		"ClearAllNotifications": "全部清除",
		"Emote": "打开表情符号窗口",
		"HoverTextBoxesOff": "悬停文本框：关",
		"HoverTextBoxesOn": "悬停文本框：开",
		"MapScale": "地图比例：{0}%",
		"Master": "大师",
		"Music": "音乐",
		"NotificationsOptionsCategory": "通知",
		"PotionOfReturnExitPortal": "返回传送门出口",
		"PotionOfReturnHomePortal": "返回传送门入口",
		"Storm": "斯托姆",
		"TimeAtMorning": "上午",
		"TimePastMorning": "下午",
		"TorchTypeSwapperOff": "生物群落火把交换：关",
		"TorchTypeSwapperOn": "生物群落火把交换：开",
		"PlayerLifeMax": " 生命值",
		"PlayerManaMax": " 魔力值"
	},
	"Misc": {
		"ForceWaterSettling": "迫使流水停止。",
		"ResolutionChanged": "分辨率更改为：{0}x{1}。",
		"ShortDays": "删除",
		"ShortHours": "时",
		"ShortMinutes": "分",
		"ShortSeconds": "秒",
		"WaterSettled": "流水已停止。",
		"Crimstone": "猩红石",
		"Ebonstone": "黑檀石",
		"CanBePlacedInVanity": "可以放置在时装栏位",
		"CombatBookUsed": "书中的知识能赋予村民力量！",
		"EndedVictoryHalloween": "万圣节的气氛散去了…",
		"EndedVictoryXmas": "圣诞节的气氛消失了…",
		"Fruit": "水果",
		"LicenseBunnyUsed": "许可证传送到兔兔运送服务站…",
		"LicenseCatUsed": "许可证传送到猫咪运送服务站…",
		"LicenseDogUsed": "许可证传送到狗狗运送服务站…",
		"StartedVictoryHalloween": "空气中弥漫着万圣节的气氛…",
		"StartedVictoryXmas": "圣诞节的气氛能传播快乐…"
	},
	"Net": {
		"CheatingInvalid": "检测到尝试作弊的操作：无效踢除",
		"CheatingLiquidSpam": "检测到尝试作弊的操作：液体刷屏",
		"CheatingProjectileSpam": "检测到尝试作弊的操作：射弹刷屏",
		"CheatingTileRemovalSpam": "检测到尝试作弊的操作：移除图格刷屏",
		"CheatingTileSpam": "检测到尝试作弊的操作：添加图格刷屏",
		"ClientConnecting": "{0}正在连接...",
		"ClientPlaying": "({0}) {1}正在玩游戏",
		"ClientRequestedWorldInfo": "({0}) {1}请求了世界信息",
		"ClientsConnected": "{0}个客户端已连接",
		"ClientSendingData": "({0}) {1}正在发送玩家数据...",
		"ClientStatusComplete": "({0}) {1} {2}：完成！",
		"ConnectingTo": "连接到{0}",
		"EmptyName": "空名称。",
		"FoundServer": "发现服务器",
		"IsReceivingTileData": "正在接收图格数据",
		"LostConnection": "连接已丢失",
		"NameTooLong": "名称太长。",
		"RequestingTileData": "正在请求图格数据",
		"RequestingWorldInformation": "正在请求世界信息",
		"SendingPlayerData": "正在发送玩家数据...",
		"ServerAutoShutdown": "本地玩家已离开。自动关闭开始。",
		"StatusComplete": "{0}：完成！",
		"WaitingForClients": "正在等待客户端...",
		"CannotTeleportToPylonBecauseAccessingLihzahrdTempleEarly": "古老的力量阻止你进入这个位置…",
		"CannotTeleportToPylonBecauseNotEnoughNPCs": "附近访问该晶塔的村民不够多",
		"CannotTeleportToPylonBecauseNotEnoughNPCsAtCurrentPylon": "当前晶塔附近的村民不够多",
		"CannotTeleportToPylonBecauseNotMeetingBiomeRequirements": "此晶塔放置在了错误的生物群落",
		"CannotTeleportToPylonBecausePlayerIsNotNearAPylon": "离晶塔不够近，无法用晶塔网络传送",
		"CannotTeleportToPylonBecauseThereIsDanger": "先打败当前的威胁才能使用晶塔网络！",
		"PlayerIsCreativeAndWorldIsNotCreative": "只有非旅行角色可以进入非旅行服务器。",
		"PlayerIsNotCreativeAndWorldIsCreative": "只有旅行角色可以进入旅行服务器。"
	},
	"Social": {
		"Joining": "正在加入...",
		"JoiningFriend": "正在加入{0}...",
		"StatusInGame": "在线玩游戏。",
		"StatusJoining": "加入游戏。"
	},
	"UI": {
		"Achievements": "成就",
		"Back": "返回",
		"Cancel": "取消",
		"Delete": "删除",
		"Effects": "效果",
		"EnterButton": "输入",
		"EnterMessage": "输入消息：",
		"EnterNewName": "输入新名称：",
		"Expert": "专家",
		"ExpertDescription": "（更大的难度和战利品）",
		"ExpertDescriptionFlavor": "为财富和荣誉为战，孩子。",
		"Favorite": "收藏",
		"Hardcore": "硬核",
		"Keybindings": "快捷键绑定",
		"Mediumcore": "中核",
		"More": "更多",
		"MoveOffCloud": "移出云",
		"MoveToCloud": "移入云",
		"New": "新建",
		"Normal": "经典",
		"NormalDescription": "（标准泰拉瑞亚体验）",
		"NormalDescriptionFlavor": "你的冒险之旅即将开始…",
		"Play": "开始游戏",
		"RestoreButton": "恢复",
		"Save": "保存",
		"SelectPlayer": "选择玩家",
		"SelectWorld": "选择世界",
		"Softcore": "经典",
		"SpaceButton": "太空",
		"Submit": "提交",
		"Unfavorite": "取消收藏",
		"WorldCreatedFormat": "已创建：{0}",
		"WorldSizeFormat": "{0}世界",
		"WorldSizeLarge": "大",
		"WorldSizeMedium": "中",
		"WorldSizeSmall": "小",
		"WorldSizeUnknown": "未知",
		"BartenderHelp": "埃特尼亚水晶",
		"CopySeed": "复制种子：{0}",
		"EnterSeed": "输入种子（随机留空）",
		"LoadingCode": "正在加载：",
		"SeedCopied": "种子已复制",
		"ZoomIn": "{$LegacyMenu.168}",
		"ZoomOut": "{$LegacyMenu.169}",
		"Ellipsis": "...",
		"LightMode_Color": "{$LegacyMenu.55}",
		"LightMode_White": "{$LegacyMenu.56}",
		"LightMode_Retro": "{$LegacyMenu.57}",
		"LightMode_Trippy": "{$LegacyMenu.58}",
		"PlayerEmptyName": "{$Net.EmptyName}",
		"Credits": "制作人员",
		"Author": "作者：{0}",
		"AvailableResourcePacksTitle": "可用包（{Amount}个）",
		"CannotDeleteFavorited": "无法删除（已收藏）",
		"CopyColorToClipboard": "将颜色代码复制到剪贴板",
		"CopyPlayerToClipboard": "将玩家模板复制到剪贴板",
		"Create": "创建",
		"Creative": "旅行",
		"CreativeDescriptionPlayer": "旅行角色一开始会配备额外装备。只能在旅行世界使用。",
		"DisableTexturePack": "禁用",
		"EmoteCategoryBiomesAndEvents": "自然和天气",
		"EmoteCategoryBosses": "危险",
		"EmoteCategoryCritters": "小动物和怪物",
		"EmoteCategoryGeneral": "常规",
		"EmoteCategoryItems": "物品",
		"EmoteCategoryRPS": "石头、剪刀、布！",
		"EmoteCategoryTownNPCs": "城镇",
		"EnabledResourcePacksTitle": "已启用包（{Amount}个）",
		"EnableTexturePack": "启用",
		"HealthManaStyle_Default": "经典",
		"HealthManaStyle_HorizontalBars": "水平条",
		"HealthManaStyle_New": "精致",
		"HoverControlSettingIsClick": "悬停控制：点击",
		"HoverControlSettingIsHold": "悬停控制：按住",
		"Info": "信息",
		"ItemCannotBePlacedInsideItself": "置入自身将被阻止",
		"Master": "大师",
		"MinimapFrame_Default": "默认",
		"MinimapFrame_Golden": "金色",
		"MinimapFrame_Leaf": "树叶",
		"MinimapFrame_Remix": "混合",
		"MinimapFrame_Retro": "复古",
		"MinimapFrame_Sticks": "棍棒",
		"MinimapFrame_StoneGold": "石金",
		"MinimapFrame_TwigLeaf": "枝叶",
		"MinimapFrame_Valkyrie": "瓦尔基里",
		"OffsetTexturePackPriorityDown": "后退",
		"OffsetTexturePackPriorityUp": "前进",
		"PasteColorFromClipboard": "从剪贴板粘贴颜色代码",
		"PastePlayerFromClipboard": "从剪贴板粘贴玩家模板",
		"PetTheAnimal": "宠物",
		"PlayerIsCreativeAndWorldIsNotCreative": "只有非旅行角色可以进入非旅行世界。",
		"PlayerIsNotCreativeAndWorldIsCreative": "只有旅行角色可以进入旅行世界。",
		"PlayerNameSlot": "名字：",
		"QuickUseItem": "快速使用",
		"RandomizeColor": "随机颜色",
		"RandomizePlayer": "随机玩家",
		"SeeTexturePackInfo": "查看包信息",
		"SelectHealthStyle": "生命值和魔力值样式：{0}",
		"SelectMapBorder": "小地图边框：{0}",
		"SmartDoorsDisabled": "智能门：已禁用",
		"SmartDoorsEnabled": "智能门：已启用",
		"SmartDoorsGamepad": "智能门：仅限手柄",
		"SpawnBed": "家",
		"SpawnPoint": "生成",
		"TilesSwayInWindOff": "起风：已禁用",
		"TilesSwayInWindOn": "起风：已启用",
		"ToggleBank4VacuumIsOff": "虚空掏出：关",
		"ToggleBank4VacuumIsOn": "虚空掏出：开",
		"ToggleCreativeMenu": "切换旅行力量",
		"Version": "版本{0}",
		"WorldCannotBeLoadedBecauseItHasAnInvalidGameMode": "错误：此世界有一个无效的数据！",
		"WorldCreationDifficulty": "难度：",
		"WorldCreationEvil": "恶灵：",
		"WorldCreationName": "名字：",
		"WorldCreationNameEmpty": "<Empty>",
		"WorldCreationNumberOfWorlds": "世界数量：",
		"WorldCreationNumberOfWorldsDescription": "同时生成的世界数量",
		"WorldCreationRandomizeNameDescription": "随机世界名称。",
		"WorldCreationRandomizeSeedDescription": "随机世界种子。",
		"WorldCreationSeed": "种子：",
		"WorldCreationSeedEmpty": "<Leave Blank For Random>",
		"WorldCreationSize": "大小：",
		"WorldDescriptionCreative": "能力越大，责任越大（发掘你的创造力）",
		"WorldDescriptionDefault": "请选择如何使用上述选项构建你的世界。",
		"WorldDescriptionEvilCorrupt": "像疾病一样的腐化肯定会出现在你的世界里。",
		"WorldDescriptionEvilCrimson": "可怕、奇异的猩红肯定会出现在你的世界里。",
		"WorldDescriptionEvilRandom": "让大自然来决定是腐化还是猩红来入侵你的世界。",
		"WorldDescriptionExpert": "为财富和荣誉为战，孩子。（更大的难度和战利品）",
		"WorldDescriptionMaster": "游戏结束，伙计，游戏结束！（残酷无情，致敬真正的勇者）",
		"WorldDescriptionName": "给你的世界起个名字吧！请谨慎选择，之后将无法更改！",
		"WorldDescriptionNormal": "你的冒险之旅即将开始…（标准泰拉瑞亚体验）",
		"WorldDescriptionSeed": "DNA标记定义了世界的具体情况和特征。",
		"WorldDescriptionSizeLarge": "超大世界，适合进行长时间的多人游戏。",
		"WorldDescriptionSizeMedium": "中等世界，更适合带上一位好友持久探索。",
		"WorldDescriptionSizeSmall": "适合进行速战速决的单人游戏。",
		"WorldGenEasterEgg_GeneratingBees": "正在生成蜜蜂",
		"NPCCheckHappiness": " 快乐",
		"Import": "导入",
		"Rename": "重命名",
		"ReportsPage": "报告页面",
		"ResourcePacks": "资源包",
		"Workshop": "创意工坊",
		"WorkshopHub": "创意工坊枢纽",
		"WorkshopImportWorld": "导入创意工坊世界",
		"WorkshopSelectResourcePackToPublishMenuTitle": "选择要发布的资源包",
		"WorkshopSelectWorldToPublishMenuTitle": "选择要发布的世界",
		"IssueReporterHasThingsToShow": "查看问题"
	},
	"DeathSource": {
		"NPC": "{0}，凶手是{1}。",
		"Player": "{0}，凶手是{1}的{2}。",
		"Projectile": "{0}，凶手是{1}。"
	},
	"DeathText": {
		"Burned": "{0}无法把火扑灭。",
		"Default": "{0}。",
		"Drowned_1": "{0}忘了呼吸。",
		"Drowned_2": "{0}与鱼同眠。",
		"Drowned_3": "{0}溺死了。",
		"Drowned_4": "{0}成了鲨鱼的食物。",
		"Electrocuted": "{0}无法控制瓦数。",
		"Fell_1": "{0}摔死了。",
		"Fell_2": "{0}没有反弹。",
		"Lava_1": "{0}被熔化了。",
		"Lava_2": "{0}被烧成了灰。",
		"Lava_3": "{0}试图在熔岩中游泳。",
		"Lava_4": "{0}喜欢在岩浆中玩耍。",
		"Petrified_1": "{0}碎成渣了。",
		"Petrified_2": "{0}再也不能复原了。",
		"Petrified_3": "{0}需要被清走了。",
		"Petrified_4": "{0}变成了另一个土堆。",
		"Poisoned": "{0}无法找到解药。",
		"Slain": "{0}被杀死了...",
		"Stabbed": "{0}被刺伤了。",
		"Suffocated": "{0}无法呼吸。",
		"Teleport_1": "{0}未能成形",
		"Teleport_2_Female": "{0}的腿长到她的脑袋那儿了。",
		"Teleport_2_Male": "{0}的腿长到他的脑袋那儿了。",
		"TriedToEscape": "{0}试图逃跑。",
		"WasLicked": "{0}被舔了。",
		"Inferno": "{0}被地狱吞噬了。",
		"DiedInTheDark": "{0}在黑暗中被杀死了！",
		"Starved": "{0}饿死了。"
	},
	"DeathTextGeneric": {
		"ArmTornOff": "{0}的胳膊断了",
		"Chopped": "{0}被千刀万剐了",
		"Cut": "{0}的腰被斩断了",
		"Decapitated": "{0}被斩首了",
		"Destroyed": "{0}被毁了",
		"Dissected": "{0}被野蛮地解剖了",
		"EntrailsRippedOut": "{0}的内脏被扯掉了",
		"Eviscerated": "{0}被取出内脏",
		"ExtremitiesDetached": "{0}被截肢了",
		"FaceTornOff": "{0}的脸被撕烂了",
		"Flailing": "{0}的鞭刑终于停止了",
		"HeadRemoved": "{0}的脑袋搬家了",
		"Impaled": "{0}被刺穿了",
		"InnardsBecameOutards": "{0}看着自己的内脏变成了“外脏”",
		"Mangled": "{0}的身体血肉模糊了",
		"Massacred": "{0}被屠杀了",
		"Murdered": "{0}被谋杀了",
		"PileOfFlesh": "{0}变成了一滩肉",
		"Plead": "{0}求死的愿望实现了",
		"Removed": "{0}被踢出了{1}",
		"Ripped": "{0}被削肉去骨了",
		"Ruptured": "{0}的重要器官毁了",
		"SkullCrushed": "{0}的头骨被压碎了",
		"Slain": "{0}被杀死了",
		"Snapped": "{0}被折成两半了",
		"TornInHalf": "{0}被撕成两半了"
	},
	"DungeonDefenders2": {
		"BartenderWarning": "埃特尼亚水晶排斥此区域并立即弹开，酒馆老板提到应将其放置在宽敞平坦的开阔区域...",
		"CantSummonTower": "It doesn't seem to work without an Etheria Crystal nearby...",
		"InvasionProgressTitle": "撒旦军队",
		"InvasionStart": "撒旦军队正在逼近！",
		"InvasionWin": "撒旦军队已被打败！",
		"WaveComplete": "进攻波完成！"
	},
	"Key": {
		"DOWN": "DOWN",
		"UP": "UP"
	},
	"Language": {
		"English": "English (英语)",
		"German": "Deutsch (德语)",
		"Italian": "Italiano (意大利语)",
		"French": "Français (法语)",
		"Spanish": "Español (西班牙语)",
		"Russian": "Русский (俄语)",
		"Chinese": "简体中文",
		"Portuguese": "Português brasileiro (巴西葡萄牙语)",
		"Polish": "Polski (波兰语)"
	},
	"RandomWorldName_Composition": {
		"6": "{Adjective} {Location}",
		"1": "{Adjective}的{Noun}{Location}",
		"2": "{Adjective}的{Noun}{Location}",
		"3": "{Adjective}的{Noun}{Location}",
		"4": "{Adjective}的{Noun}{Location}",
		"5": "{Adjective}的{Location}",
		"7": "{Noun}{Location}",
		"8": "{Noun}{Location}"
	},
	"CreditsRollCategory_BusinessDevelopment": {
		"1": "Business Development",
		"2": "Ted “Loki” Murphy",
		"3": "David “D-Town” Phelps"
	},
	"CreditsRollCategory_Creator": {
		"1": "创作者",
		"2": "Andrew “Redigit” Spinks"
	},
	"CreditsRollCategory_Designer": {
		"1": "设计师",
		"2": "Andrew “Redigit” Spinks",
		"3": "Whitney “Cenx” Spinks",
		"4": "Yorai “Yoraiz0r” Omer"
	},
	"CreditsRollCategory_Dialog": {
		"1": "Dialog",
		"2": "James “Lazure” Hayes",
		"3": "Jeremy “Blue” Guerrette",
		"4": "Dustin “Splugen” Gunter"
	},
	"CreditsRollCategory_EndingNotes": {
		"1": "感谢游玩！"
	},
	"CreditsRollCategory_ExecutiveProducer": {
		"1": "Executive Producer",
		"2": "Whitney “Cenx” Spinks"
	},
	"CreditsRollCategory_Graphics": {
		"1": "平面设计",
		"2": "Victor “Crowno” Moura",
		"3": "James “Lazure” Hayes",
		"4": "Jim Tommy Myhre “Jimmarn” Kjexrud",
		"5": "Andrew “Redigit” Spinks",
		"6": "Will “Phlebas” Garner",
		"7": "Finn “Tiy” Brice",
		"8": "Aaron “AaronC” Craig",
		"9": "Gabriel “Red Yoshi” Kiesshau",
		"10": "Sarah “Waffles” Data"
	},
	"CreditsRollCategory_Marketing": {
		"1": "Marketing",
		"2": "Ted “Loki” Murphy"
	},
	"CreditsRollCategory_Music": {
		"1": "音乐",
		"2": "Scott Lloyd Shelly"
	},
	"CreditsRollCategory_Playtesting": {
		"1": "Playtesting",
		"10": "Brandon “rbrandon” Kime",
		"11": "Clara Kane",
		"12": "Brian “Blahblahbal” Hansen",
		"13": "Jay “jeckel” Jeckel",
		"14": "Michael “kelp” McCarthy",
		"15": "Carwyn “Aeroblop” Dalrymple",
		"16": "Adrian “Unrealmegashark” Wheeler",
		"17": "Matthew “Omnir” Hunnicutt",
		"18": "Tsukina “Tsuki” Nakata",
		"19": "Suw “Suweeka” Gutierrez",
		"2": "Atri “m4sterbr0s” Maharaj",
		"20": "Joshua “scizor300” Wubker",
		"21": "Michael “shockah” Dolas",
		"22": "Tyler “BurnZeZ” Whiteman",
		"23": "Peter “Doylee” Doyle",
		"24": "Kyle “Kley” Hodge",
		"25": "Steven “Twitchy” French",
		"26": "Anodomani",
		"27": "Igor “Conker” Magi Marinho",
		"28": "Cheah Jun Siang",
		"29": "Zach “Olink” Piispanen",
		"3": "Brian “TGS” Gilliford",
		"30": "Lisa “Lils” Chiu",
		"31": "iRandomness",
		"32": "Kaleb “JesusLlama” Regalado",
		"33": "Elias “Elbow” Naddaf",
		"34": "Jonathan “FallingSnow” Poholarz",
		"35": "Brandon Thomas",
		"36": "Daniel “DMF” Faria",
		"37": "Luna Meier",
		"38": "Robert “qig” Buchanan",
		"39": "Alexaunder “as303298” Savoy",
		"4": "Mike “TrinityFlash” Dunn",
		"40": "Alexander “Vandarx” Reaves",
		"41": "QEM - “Mystery”",
		"42": "Balázs “Mamaluigi” Makai",
		"43": "Daniel “Garro” Berner",
		"44": "Tyler “Quill” Warr",
		"45": "Andrew “Andydark” Windmiller",
		"46": "Steven “ppowersteef” Logghe",
		"47": "Michele “W1K” Nunziato",
		"48": "Chris “Criddle” Rohde",
		"49": "Kaz “Kazzymodus” Tollenaar",
		"5": "William “Ignoritus” Coffey",
		"50": "Sam “darthmorf” Poirier",
		"51": "John “Aurora3500” Witzig",
		"52": "Harley “Acamaeda” White",
		"53": "Tristan “Discipile” Shabbick",
		"54": "Evan “Antithesis” Kirkpatrick ",
		"55": "Keven “Waze3174” Chastenay",
		"56": "Benjamin “Jenosis” Hook",
		"57": "Connor “Darthkitten” Schneider",
		"58": "Zach “Vulpes Inculta” Yurek",
		"59": "Shane “Sigma” Grimson-Smith",
		"6": "Valtteri Nieminen",
		"60": "James “Khaios” Sterling",
		"61": "Xavier “Xman101” Calder",
		"62": "Cynthia “Serenity” Germaine",
		"63": "W. “Altermaven” Black",
		"64": "Midnaait",
		"65": "ManaUser",
		"66": "Unit One",
		"67": "General Milky",
		"68": "Tunnel King",
		"69": "Chris Ness",
		"7": "Ryan “Namyrr” Le",
		"70": "Yrimir",
		"8": "Gabriel “Red Yoshi” Kiesshau",
		"9": "Ragnor “Devalaous” Berntsen"
	},
	"CreditsRollCategory_Programming": {
		"1": "程序设计",
		"2": "Yorai “Yoraiz0r” Omer",
		"3": "Andrew “Redigit” Spinks",
		"4": "Chris “Skiphs” Bednarz",
		"5": "Charles “Grox” Hanrahan",
		"6": "Jason “Leinfors” Parker",
		"7": "Jason “Solsund” Berg"
	},
	"CreditsRollCategory_PublicRelations": {
		"1": "Public Relations",
		"2": "Amanda “safeman” Powell"
	},
	"CreditsRollCategory_QualityAssurance": {
		"1": "质量保证",
		"2": "Jason “Leinfors” Parker",
		"3": "Crystal “Ghostar” Ironheart",
		"4": "Houston “Food Barbarian” Lawson",
		"5": "Olivia “Arkhayla” Cres",
		"6": "Mike “0x33” Johnson"
	},
	"CreditsRollCategory_Sound": {
		"1": "音效",
		"2": "Morten Lund Søegaard",
		"3": "Jens Kiilstofte",
		"4": "Pond5.com",
		"5": "SoundSnap.com"
	},
	"CreditsRollCategory_SpecialThanksto": {
		"1": "特别鸣谢",
		"2": "火把神",
		"3": "Ben “Coldwin” Spaulding",
		"4": "Kane Hart",
		"5": "James “Chippy” Bennett",
		"10": "Markus “Notch” Persson",
		"11": "Augusta Butlin",
		"12": "Ethan “flibitijibibo” Lee",
		"6": "Peter “Pedguin” Mann",
		"7": "Brandon Reinhart",
		"8": "Nathan “Rartrin” Stonestreet",
		"9": "Lord Gaben"
	},
	"CreditsRollCategory_Webmaster": {
		"1": "Webmaster",
		"2": "Justin “Grumpy Squid” Coplen",
		"3": "Chris “Skiphs” Bednarz"
	},
	"AssetRejections": {
		"BadExtension": "只能加载“.png”和“.xnb”类型的纹理。",
		"BadSize": "加载的纹理必须与原始尺寸匹配，实际尺寸为({ActualWidth},{ActualHeight})，但预期的尺寸为({NeededWidth}, {NeededHeight})"
	},
	"Friends": {
		"TownBunny": "城镇兔兔",
		"TownCat": "城镇猫咪",
		"TownDog": "城镇狗狗"
	},
	"RandomWorldName_Adjective": {
		"Abandoned": "废弃",
		"Abhorrent": "可恶",
		"Abusive": "辱骂",
		"Adorable": "呆萌",
		"Adventurous": "大胆",
		"Ageless": "青春永驻",
		"Aggravating": "加重",
		"Aggressive": "咄咄逼人",
		"Agile": "灵活",
		"Agreeable": "怡人",
		"Alert": "警告",
		"Alien": "异星",
		"Alive": "活着",
		"Alleged": "所谓",
		"Amethyst": "紫晶",
		"Amusing": "好笑",
		"Ancient": "古老",
		"Angelic": "天使般",
		"Angry": "愤怒",
		"Annoyed": "恼怒",
		"Annoying": "惹恼",
		"Anxious": "焦虑",
		"Archaic": "陈旧",
		"Ardent": "热烈",
		"Arrogant": "自大",
		"Ashamed": "羞愧",
		"Attractive": "有吸引力",
		"AuntBeckys": "贝琪阿姨",
		"Average": "一般",
		"Awful": "可畏",
		"Awkward": "粗笨",
		"Babbling": "胡说",
		"Bad": "糟糕",
		"Bashful": "腼腆",
		"Beautiful": "美丽",
		"Best": "最佳",
		"Bewildered": "不知所措",
		"Bitter": "苦涩",
		"Bizarre": "离奇",
		"Black": "黑色",
		"Blackish": "带黑色",
		"Bleeding": "流血",
		"Blistering": "起水疱",
		"Blocky": "块状",
		"Bloody": "血腥",
		"Blooming": "绽放",
		"Blue": "蓝色",
		"Blushful": "羞怯",
		"Blushing": "脸红",
		"Boatmurdered": "船杀案",
		"Boorish": "粗野",
		"Bored": "无聊",
		"Boundless": "无边",
		"Brainy": "聪明",
		"Brash": "无礼",
		"Brave": "英勇",
		"Breakable": "易碎",
		"Breakless": "牢固",
		"Breathtaking": "惊叹",
		"Bright": "明亮",
		"Brightish": "极亮",
		"Brilliant": "鲜亮",
		"Broken": "碎裂",
		"Brown": "棕色",
		"Brutal": "粗暴",
		"Budding": "崭露头角",
		"Burning": "燃烧",
		"Busy": "忙碌",
		"Calm": "冷静",
		"Canadian": "加拿大",
		"Careful": "慎重",
		"Cautious": "小心",
		"Celestial": "天界",
		"Chads": "乍德",
		"Charming": "迷人",
		"Chartreuse": "黄绿色",
		"Cheap": "便宜",
		"Cheerful": "开朗",
		"Clean": "干净",
		"Clear": "清除",
		"Clearable": "晴空万里",
		"Clever": "聪颖",
		"Cleverish": "巧妙",
		"Cloudy": "多云",
		"Clumsy": "笨拙",
		"Cold": "寒冷",
		"Colorful": "多彩",
		"Combative": "好战",
		"Comfortable": "舒适",
		"Comical": "滑稽",
		"Common": "常见",
		"Complacent": "自满",
		"Compulsive": "强迫",
		"Concerned": "忧虑",
		"Condemnable": "该定罪",
		"Condemned": "被定罪",
		"Confident": "自信",
		"Confusable": "易混淆",
		"Confused": "困惑",
		"Constant": "连续不断",
		"Cooperative": "配合",
		"Corrupted": "腐化",
		"Cosmic": "宇宙",
		"Courageous": "无畏",
		"Cracked": "破裂",
		"Cranky": "暴躁",
		"Crass": "愚钝",
		"Crazy": "疯狂",
		"Creepy": "毛骨悚然",
		"Crowded": "拥挤",
		"Crude": "粗糙",
		"Cruel": "残酷",
		"Cuddly": "柔软可爱",
		"Curious": "好奇",
		"Cursed": "被诅咒",
		"Cute": "可爱",
		"Daft": "愚笨",
		"Damaged": "破损",
		"Dangerous": "危险",
		"Dank": "阴湿",
		"Dark": "黑暗",
		"Daunting": "生畏",
		"Dead": "死去",
		"Decaying": "腐坏",
		"Deceased": "已故",
		"Defeated": "落败",
		"Defiant": "肆无忌惮",
		"Delightful": "欢愉",
		"Demented": "精神错乱",
		"Demonic": "恶魔",
		"Dense": "密集",
		"Depressed": "郁闷",
		"Deranged": "错乱",
		"Desolate": "荒凉",
		"Desperate": "绝望",
		"Determined": "果断",
		"Devious": "狡诈",
		"Diamond": "钻石",
		"Different": "不同",
		"Difficult": "困难",
		"Dire": "凄惨",
		"Dirty": "肮脏",
		"Disappointing": "失望",
		"Discarded": "遗弃",
		"Disgusting": "恶心",
		"Disloyal": "不忠",
		"Distant": "遥远",
		"Distinct": "明显",
		"Distorted": "扭曲",
		"Distressing": "忧愁",
		"Disturbed": "精神失常",
		"Divine": "天赐",
		"Dizzy": "晕眩",
		"Docile": "温顺",
		"Doubtful": "可疑",
		"Drab": "乏味",
		"Dreadful": "糟糕透顶",
		"Dreamy": "恍惚",
		"Dry": "干燥",
		"Dubious": "怀疑",
		"Dull": "钝",
		"Dumb": "沉默",
		"Eager": "渴望",
		"Easy": "简单",
		"Eerie": "怪异",
		"Elated": "兴高采烈",
		"Elegant": "优雅",
		"Embarrassed": "尴尬",
		"Embarrassing": "难堪",
		"Emerald": "翡翠",
		"Empty": "空荡",
		"Enchanting": "诱人",
		"Encouraging": "鼓舞人心",
		"Enduring": "持久",
		"Energetic": "精力充沛",
		"Enthusiastic": "热心",
		"Envious": "羡慕",
		"Erratic": "不稳定",
		"Eternal": "永恒",
		"Euphoric": "欣快",
		"Everlasting": "永不消失",
		"Evil": "恶灵",
		"Exalted": "高贵",
		"Excellent": "优秀",
		"Excited": "兴奋",
		"Exiled": "流亡",
		"Existential": "存在主义",
		"Exotic": "异国情调",
		"Expensive": "昂贵",
		"Extinct": "灭绝",
		"Extraordinary": "卓绝",
		"Extravagant": "挥霍",
		"Exuberant": "旺盛",
		"Fabulous": "绝妙",
		"Fair": "公平",
		"Faithful": "忠实",
		"Fallen": "落下",
		"Famous": "著名",
		"Fancy": "精致",
		"Fantastic": "极好",
		"Far": "远方",
		"Faraway": "远方",
		"Fearful": "害怕",
		"Fearsome": "可骇",
		"Fierce": "猛烈",
		"Filthy": "污秽",
		"Fine": "美妙",
		"Firm": "结实",
		"Flaky": "易脱落",
		"Flaming": "烈焰",
		"Flatulent": "浮夸",
		"Fluffy": "毛毛",
		"Foolhardy": "有勇无谋",
		"Foolish": "蠢笨",
		"Forceful": "强力",
		"Foreign": "外来",
		"Forgiving": "原谅",
		"Forgotten": "被遗忘",
		"Forsaken": "被遗弃",
		"Foul": "恶臭",
		"Fragile": "脆弱",
		"Frail": "柔弱",
		"Frantic": "狂乱",
		"Fresh": "新鲜",
		"Friendly": "好友",
		"Frightened": "受惊",
		"Frightening": "惊悚",
		"Funny": "有趣",
		"Furious": "狂怒",
		"Gangrenous": "坏疽",
		"Gentle": "温和",
		"Gifted": "天资聪慧",
		"Glamorous": "富有魅力",
		"Gleaming": "闪光",
		"Gleamless": "无光",
		"Gloomy": "阴暗",
		"Glorious": "光荣",
		"Glowing": "发光",
		"Godly": "神级",
		"Good": "良好",
		"Gorgeous": "华丽",
		"Graceful": "优美",
		"Grand": "宏伟",
		"Grassy": "草绿色",
		"Gray": "灰色",
		"Greasy": "油腻",
		"Great": "巨大",
		"Greedy": "贪婪",
		"Green": "绿色",
		"Grieving": "悲痛",
		"Grizzly": "有灰斑",
		"Grotesque": "奇异",
		"Grouchy": "不满",
		"Growing": "生长",
		"Gruesome": "阴森",
		"Grumpy": "坏脾气",
		"Guilty": "内疚",
		"Gutless": "怯懦",
		"Hallowed": "神圣",
		"Handsome": "英俊",
		"Happy": "快乐",
		"Harsh": "严酷",
		"Hateful": "可恨",
		"Hazardous": "有害",
		"Healthy": "健康",
		"Heartless": "狠心",
		"Heavenly": "天堂",
		"Heinous": "可憎",
		"Helpful": "有用",
		"Helpless": "没用",
		"Hesitant": "犹豫",
		"Hidden": "隐藏",
		"Hideous": "丑恶",
		"Hilarious": "搞笑",
		"Holy": "至圣",
		"Homeless": "无家可归",
		"Homely": "舒适自在",
		"Horrible": "恐惧",
		"Horrific": "惊悸",
		"Horrifying": "可怖",
		"Hungry": "饥饿",
		"Hurt": "受伤",
		"Hurtable": "易伤",
		"Hurtful": "致伤",
		"Hyper": "亢奋",
		"Hyperalert": "过度亢奋",
		"Hyperenergetic": "精力过旺",
		"Hyperexcited": "兴奋过头",
		"Hyperhilarious": "超级搞笑",
		"Hysterical": "歇斯底里",
		"Ignorant": "蒙昧",
		"Illicit": "违法",
		"Illusive": "梦幻",
		"Imaginary": "想象",
		"Immortal": "不朽",
		"Incompetent": "无能",
		"Inconvenient": "不便",
		"Indecisive": "犹豫不决",
		"Indifferent": "冷漠",
		"Inferior": "较差",
		"Infinite": "无限",
		"Insecure": "不安全",
		"Insolent": "傲慢",
		"Intense": "威猛",
		"Irresponsible": "不负责任",
		"Irritating": "恼人",
		"Isolated": "孤立",
		"Jade": "绿玉色",
		"Jealous": "妒忌",
		"Jiggly": "摇晃",
		"Jittery": "紧张不安",
		"Jolly": "快活",
		"Joyous": "愉快",
		"Judgmental": "审判",
		"Karens": "凯伦",
		"Keen": "锐利",
		"Kind": "仁慈",
		"Kooky": "奇特",
		"Large": "大",
		"Lasting": "恒久",
		"Lavish": "盛大",
		"Lazy": "呆滞",
		"Lazyish": "懒惰",
		"Leafy": "多叶",
		"Legendary": "传奇",
		"Light": "莱特",
		"Lightful": "光亮",
		"Lime": "绿黄色",
		"Littleknown": "鲜为人知",
		"Lively": "生气勃勃",
		"Lonely": "孤独",
		"Long": "长",
		"Lost": "丢失",
		"Lousy": "恶劣",
		"Lovely": "美好",
		"Loyal": "忠诚",
		"Lucky": "幸运",
		"Mad": "气愤",
		"Magical": "魔法",
		"Magnificent": "壮丽",
		"Marvelous": "惊异",
		"Massive": "硕大",
		"Menacing": "险恶",
		"Merciless": "残忍",
		"Mischievous": "调皮",
		"Miserable": "悲惨",
		"Misty": "米斯蒂",
		"Modern": "现代",
		"Modular": "模块化",
		"Moist": "湿润",
		"Moldy": "发霉",
		"Mopey": "闷闷不乐",
		"Motionless": "不动",
		"Mourning": "哀悼",
		"Muddy": "泥泞",
		"Multitalented": "多才多艺",
		"Murderous": "残暴",
		"Murky": "浑浊",
		"Mushy": "糊状",
		"Mysterious": "神秘",
		"Mythical": "神话",
		"Naive": "天真",
		"Naked": "赤裸裸",
		"Nameless": "无名",
		"Nasty": "凶险",
		"Natural": "天然",
		"Naughty": "淘气",
		"Nauseating": "作呕",
		"Navy": "深蓝色",
		"Neglected": "被忽视",
		"Nervous": "紧张",
		"New": "新建",
		"Nice": "好看",
		"Nimble": "灵巧",
		"Nude": "裸体",
		"Nutty": "疯癫",
		"Obedient": "顺从",
		"Obnoxious": "讨厌",
		"Obsessive": "痴迷",
		"Obstructed": "阻塞",
		"Obtuse": "鲁钝",
		"Odd": "古怪",
		"Offended": "被冒犯",
		"Offensive": "冒犯",
		"Old": "老旧",
		"OldFashioned": "过时",
		"Olive": "橄榄绿",
		"Open": "开放",
		"Optimistic": "乐观",
		"Outraged": "震怒",
		"Outrageous": "骇人听闻",
		"Outstanding": "杰出",
		"Overcrowded": "过度拥挤",
		"Overeasy": "两面煎",
		"Overjealous": "嫉妒",
		"Overjoyous": "狂喜",
		"Overrun": "泛滥",
		"Pale": "苍白",
		"Panicky": "恐慌",
		"Peaceful": "和平",
		"Perfect": "完美",
		"Perilous": "艰险",
		"Perpetual": "永久",
		"Persistent": "持续",
		"Petrified": "惊呆",
		"Pine": "松树",
		"Placid": "平静",
		"Plain": "朴素",
		"Pleasant": "宜人",
		"Pleasing": "合意",
		"Pointy": "尖锐",
		"Poised": "镇定",
		"Poison": "毒药",
		"Poor": "贫穷",
		"Powerful": "强大",
		"Precious": "宝贵",
		"Prickly": "多刺",
		"Proud": "自豪",
		"Purified": "净化",
		"Putrid": "腐败",
		"Puzzled": "茫然",
		"Quaint": "古雅",
		"Quick": "迅捷",
		"Quiet": "安静",
		"Quirky": "诡诈",
		"Rancid": "腐臭",
		"Rank": "繁茂",
		"Raunchy": "邋遢",
		"Raw": "未加工",
		"Real": "真实",
		"Reckless": "粗莽",
		"Red's": "雷德",
		"Reeking": "臭烘烘",
		"Rejected": "不合格",
		"Relentless": "毫不留情",
		"Relievable": "可救",
		"Relieved": "放心",
		"Remote": "偏僻",
		"Repugnant": "厌恶",
		"Repulsive": "反感",
		"Resentful": "愤慨",
		"Restful": "幽静",
		"Revolting": "叛乱",
		"Rich": "富有",
		"Ridiculous": "荒谬",
		"Risky": "冒险",
		"Rotten": "腐烂",
		"Rotting": "正在腐烂",
		"Royal": "皇家",
		"Ruby": "鲁比",
		"Rude": "野蛮",
		"Ruthless": "无情",
		"Sacred": "圣洁",
		"Sad": "难过",
		"Sadistic": "虐待狂",
		"Sage": "睿智",
		"Sallow": "蜡黄",
		"Sapphire": "萨菲",
		"Savage": "凶残",
		"Scandalous": "不道德",
		"Scary": "吓人",
		"Searing": "灼热",
		"Sedated": "安详",
		"Selfish": "自私",
		"Senseless": "失去知觉",
		"Sensitive": "敏感",
		"Serene": "宁静",
		"Serious": "严重",
		"Shabby": "破旧",
		"Shameful": "可耻",
		"Sharp": "锋利",
		"Shiny": "亮闪闪",
		"Shocking": "触目惊心",
		"Shoddy": "粗劣",
		"Shy": "害羞",
		"Significant": "重大",
		"Silenced": "寂静",
		"Silly": "愚蠢",
		"Simple": "单纯",
		"Sleazy": "破烂",
		"Sleepy": "困倦",
		"Slow": "缓慢",
		"Sluggish": "迟钝",
		"Smelly": "发臭",
		"Smiling": "微笑",
		"Smoggy": "烟雾弥漫",
		"Smooth": "光滑",
		"Smouldering": "引燃",
		"Solid": "坚固",
		"Sore": "疼痛",
		"Sour": "酸臭",
		"Sparkling": "闪耀",
		"Spastic": "痉挛",
		"Spiritual": "精神",
		"Splendid": "辉煌",
		"Spoiled": "宠溺",
		"Spooky": "恐怖",
		"Spotless": "无可挑剔",
		"Stable": "稳定",
		"Stalwart": "健壮",
		"Staunch": "可靠",
		"Stiff": "生硬",
		"Still": "静止",
		"Stinky": "恶臭",
		"Stormy": "激烈",
		"Strange": "奇怪",
		"Strong": "强劲",
		"Stupid": "笨蛋",
		"Subaverage": "中等偏下",
		"Successful": "成功",
		"Super": "超级",
		"Superb": "卓越",
		"Superior": "高端",
		"Supreme": "终极",
		"Sweaty": "出汗",
		"Tainted": "污染",
		"Talented": "有天赋",
		"Tame": "驯服",
		"Tasty": "美味",
		"Teal": "蓝绿色",
		"Tender": "温柔",
		"Tense": "拉紧",
		"Terrible": "可怕",
		"Terrified": "惧怕",
		"Thankful": "欣慰",
		"Thanos": "萨诺斯",
		"Thick": "厚重",
		"Thoughtful": "心思缜密",
		"Thoughtless": "粗心大意",
		"Timeless": "永存",
		"Tiny": "微小",
		"Tired": "疲倦",
		"Topaz": "黄玉",
		"Tough": "艰苦",
		"Tranquil": "静谧",
		"Trashy": "毫无价值",
		"Tropical": "热带",
		"Troubled": "不安",
		"Trusting": "信任",
		"Ugliest": "最丑",
		"Ugly": "丑陋",
		"Unbroken": "牢不可破",
		"Uncharming": "缺乏魅力",
		"Uncharted": "人迹罕至",
		"Uncombative": "与世无争",
		"Uncooperative": "不配合",
		"Undetermined": "优柔寡断",
		"Undiscovered": "有待发现",
		"Undying": "不灭",
		"Unending": "无尽",
		"Unexplored": "未经勘探",
		"Unhappy": "倒霉",
		"Unhurt": "未受伤",
		"Unhurting": "不造成伤害",
		"Uninterested": "无兴趣",
		"Unknown": "未知",
		"Unlawful": "不合法",
		"Unpleasant": "粗鲁",
		"Unreal": "虚幻",
		"Unruly": "任性",
		"Unsightly": "难看",
		"Unsure": "不确定",
		"Untalented": "无天赋",
		"Untamed": "未驯服",
		"Unusual": "不寻常",
		"Unwicked": "不邪恶",
		"Unworried": "镇定自如",
		"Upset": "沮丧",
		"Upsetable": "易烦",
		"Uptight": "焦躁",
		"Useless": "无用",
		"Vague": "模糊",
		"Vain": "徒劳",
		"Vast": "广阔",
		"Vibrant": "鲜艳",
		"Vicious": "恶毒",
		"Victorious": "胜利",
		"Vile": "卑鄙",
		"Violent": "暴力",
		"Viridian": "铬绿色",
		"Vivacious": "活泼",
		"Volatile": "挥发性",
		"Vulgar": "粗俗",
		"Wacky": "乖僻",
		"Wandering": "游荡",
		"Wary": "谨慎",
		"Weak": "软弱",
		"Weary": "疲惫",
		"Weepy": "欲哭",
		"Weird": "怪诞",
		"Wellamused": "极其开心",
		"Wellfrightened": "异常害怕",
		"Wet": "潮湿",
		"Wicked": "邪恶",
		"Wild": "狂野",
		"Windy": "起风",
		"Wishful": "向往",
		"Withered": "枯萎",
		"Witless": "无知",
		"Witty": "诙谐",
		"Wonderful": "精彩",
		"Wondrous": "奇妙",
		"Worried": "担心",
		"Worrisome": "担心",
		"Wriggly": "蠕动",
		"Wrong": "不正确",
		"Yellow": "黄色",
		"YOLO": "你只能活一次",
		"Zany": "可笑",
		"Zealous": "狂热"
	},
	"RandomWorldName_Legacy": {
		"1": "Redigit的王国",
		"2": "Cenx的主场",
		"3": "克苏鲁的废墟",
		"4": "月球",
		"5": "工蚁巢穴"
	},
	"RandomWorldName_Location": {
		"Abode": "住所",
		"Abyss": "深渊",
		"Acres": "英亩",
		"Afterworld": "阴间",
		"Alcove": "凹室",
		"Alley": "小巷",
		"Apogee": "最高点",
		"Arbor": "乔木",
		"Archipelago": "群岛",
		"Area": "区域",
		"Arena": "竞技场",
		"Armpit": "肮脏之地",
		"Artwork": "艺术馆",
		"Asylum": "救济院",
		"Backcountry": "偏僻地区",
		"Backwater": "落后地区",
		"Backwoods": "未开垦地",
		"Badlands": "劣地",
		"Bank": "河岸",
		"Barleycorn": "大麦地",
		"Barren": "瘠地",
		"Base": "基地",
		"Basin": "盆地",
		"Bastion": "堡垒",
		"Bay": "湾",
		"Bayou": "静流",
		"Beach": "沙滩",
		"Bed": "床",
		"Bedrock": "基岩",
		"Beyond": "远处",
		"Biosphere": "生物圈",
		"Bluff": "绝壁",
		"Bog": "泥地",
		"Boondocks": "森林地带",
		"Boonies": "郊区",
		"Border": "边境",
		"Bottoms": "底部",
		"Boundary": "边界",
		"Breach": "缺口",
		"Brewery": "啤酒厂",
		"Brook": "小河",
		"Bubble": "泡泡",
		"Bunker": "地堡",
		"Burrow": "地洞",
		"Bush": "矮树丛",
		"Butte": "孤峰",
		"Camp": "营地",
		"Canal": "运河",
		"Canopy": "天篷",
		"Canvas": "帆布",
		"Canyon": "峡谷",
		"Cape": "海角",
		"Center": "中心",
		"Chaparral": "树丛",
		"Chasm": "裂隙",
		"Citadel": "城堡",
		"City": "城市",
		"Clearing": "空地",
		"Climax": "顶点",
		"Cloudland": "云境",
		"Coast": "海滨",
		"Colony": "聚居区",
		"Commune": "公社",
		"Confluence": "汇流点",
		"Continent": "大陆",
		"Convention": "集会",
		"Core": "核心",
		"Cosmos": "宇宙",
		"Country": "乡村",
		"County": "郡县",
		"Court": "球场",
		"Courtyard": "庭院",
		"Cove": "小海湾",
		"Crater": "大坑",
		"Creek": "小湾",
		"Crest": "顶峰",
		"Crick": "小溪",
		"Crossing": "交叉口",
		"Crossroads": "十字路口",
		"Crown": "顶端",
		"Dab": "嘻哈舞区",
		"Dale": "戴尔",
		"Dam": "大坝",
		"Daydream": "白日梦岛",
		"Defecation": "排便区",
		"Dell": "小山谷",
		"Delta": "三角洲",
		"Den": "兽窝",
		"Depths": "深处",
		"Desert": "沙漠",
		"Dimension": "维度",
		"District": "地区",
		"Domain": "领域",
		"Dome": "穹顶",
		"Dream": "睡梦",
		"Dreamland": "梦乡",
		"Dreamworld": "梦界",
		"Dump": "垃圾场",
		"Dune": "沙丘",
		"Dungeon": "地牢",
		"Easement": "安乐窝",
		"Edge": "边缘",
		"Elevation": "高处",
		"Empire": "帝国",
		"Empyrean": "苍天",
		"Enclosure": "围场",
		"Entity": "实体",
		"Essence": "精华之地",
		"Estate": "庄园",
		"Estuary": "河口",
		"Eternity": "永恒之地",
		"Ether": "苍穹",
		"Everglade": "泥潭",
		"Existence": "存在",
		"Expanse": "广阔区域",
		"Exterior": "外部",
		"Fable": "虚构之地",
		"Fabrication": "制造厂",
		"Fantasia": "幻想之地",
		"Farm": "农场",
		"Field": "田地",
		"Figment": "费格门特",
		"Firmament": "天穹",
		"Fjord": "峡湾",
		"Flatland": "平地",
		"Flats": "低洼地",
		"Fold": "山坳",
		"Foothold": "立足点",
		"Forest": "森林",
		"Forge": "锻造厂",
		"Fortress": "要塞",
		"Foundation": "地基",
		"Fountain": "喷泉",
		"Fraternity": "互助会",
		"Front": "前线",
		"Frontier": "边疆",
		"Galaxy": "银河",
		"Garden": "花园",
		"Geyser": "喷泉",
		"Glacier": "冰川",
		"Glade": "林中空地",
		"Globe": "球体",
		"Grange": "农庄",
		"Grassland": "草原",
		"Graveyard": "墓地",
		"Grounds": "运动场地",
		"Grove": "小树林",
		"Gulf": "海湾",
		"Gully": "深沟",
		"Gutter": "排水沟",
		"Hamlet": "小村庄",
		"Harbor": "港湾",
		"Haven": "避风港",
		"Heart": "心",
		"Heaven": "天堂",
		"Hedge": "树篱",
		"Heights": "高位",
		"Hideout": "藏身处",
		"Highland": "高地",
		"Hill": "小山",
		"Hilltop": "山顶",
		"Hinterland": "腹地",
		"Hive": "蜂巢",
		"Hole": "坑洞",
		"Hollow": "坑洼",
		"Homeland": "故乡",
		"Hoosegow": "监牢",
		"Hovel": "小屋",
		"Hub": "枢纽",
		"Illusion": "错觉",
		"Image": "图像",
		"Interior": "内陆",
		"Island": "岛屿",
		"Isle": "岛",
		"Islet": "小岛",
		"Jungle": "丛林",
		"Keystone": "拱顶石",
		"Kingdom": "王国",
		"Knoll": "圆丘",
		"Labyrinth": "迷宫",
		"Lagoon": "泻湖",
		"Lair": "兽穴",
		"Lake": "湖泊",
		"Land": "大地",
		"Legend": "传奇地",
		"Limbo": "地狱边境",
		"Locale": "场所",
		"Loch": "湖",
		"Marsh": "沼地",
		"Marshland": "泊地",
		"Mass": "团块",
		"Maze": "曲径",
		"Meadow": "草甸",
		"Meridian": "经线",
		"Mesa": "平顶山",
		"Midland": "中部",
		"Mine": "矿藏",
		"Mirage": "幻境",
		"Mire": "泥沼",
		"Moorland": "高沼地",
		"Morass": "泥淖",
		"Mortuary": "太平间",
		"Mound": "土墩",
		"Mountain": "山脉",
		"Myth": "神话",
		"Nation": "民族",
		"Neighborhood": "居住区",
		"Nest": "巢穴",
		"Niche": "壁龛",
		"Nightmare": "噩梦",
		"Nirvana": "极乐世界",
		"Nursery": "苗圃",
		"Oasis": "绿洲",
		"Object": "物体",
		"Ocean": "海洋",
		"OldTownRoad": "旧城路",
		"Orchard": "果园",
		"Origin": "发源地",
		"Outback": "内地",
		"Outland": "外域",
		"Outskirts": "郊外",
		"Overworld": "天国",
		"Paintbrush": "漆刷",
		"Parable": "寓言故事",
		"Paradise": "乐园",
		"Park": "公园",
		"Passage": "通道",
		"Passing": "逝去",
		"Pasture": "牧场",
		"Patch": "小块田地",
		"Peak": "峰峦",
		"Pedestal": "基座",
		"Peninsula": "半岛",
		"Picture": "图片",
		"Pinnacle": "高峰",
		"Pit": "深坑",
		"Place": "放置",
		"Plains": "平原",
		"Planet": "星球",
		"Plateau": "高原",
		"Plaza": "商场",
		"Plot": "小块土地",
		"Plumbus": "万能娃娃",
		"Point": "地点",
		"Polestar": "北极星",
		"Pond": "池塘",
		"Port": "港口",
		"Portrait": "肖像",
		"Pothole": "壶穴",
		"Prairie": "大草原",
		"Prison": "监狱",
		"Province": "省",
		"Pub": "酒馆",
		"Quagmire": "险境",
		"Quarantine": "隔离区",
		"Ranch": "大农场",
		"Rapids": "急流",
		"Ravine": "沟壑",
		"Reach": "河段",
		"Reality": "现实",
		"Realm": "国度",
		"Reef": "暗礁",
		"Refuge": "收容所",
		"Region": "地域",
		"Remotes": "偏远地区",
		"Residence": "住处",
		"Rest": "休息处",
		"Retreat": "隐居处",
		"Ridge": "山脊",
		"Rift": "裂缝",
		"Ring": "圆形场地",
		"River": "河流",
		"Roost": "栖息处",
		"Root": "根",
		"Route": "路线",
		"Run": "跑道",
		"Sanctuary": "避难所",
		"Savanna": "热带草原",
		"Schmeckle": "货币",
		"Scrubland": "灌木丛林地",
		"Sea": "大海",
		"Seaside": "海边",
		"Section": "地段",
		"Sector": "地带",
		"Settlement": "定居点",
		"Shallows": "浅滩",
		"Shanty": "棚屋",
		"Shantytown": "贫民区",
		"Sheet": "片区",
		"Shire": "郡",
		"Shore": "海岸",
		"Shrine": "圣地",
		"Shroud": "覆盖物",
		"Shrubbery": "灌木丛",
		"Shrublands": "灌木地",
		"Site": "场地",
		"Slope": "斜坡",
		"Slumber": "睡眠",
		"Snap": "照片",
		"Sod": "草皮",
		"Sorority": "姐妹会",
		"Source": "源头",
		"Space": "太空",
		"Span": "跨度",
		"Sphere": "界",
		"Spring": "泉",
		"Square": "广场",
		"State": "状况",
		"Station": "站",
		"Steppe": "干草原",
		"Sticks": "棍棒",
		"Stonk": "猛烈炮轰",
		"Story": "楼层",
		"Strait": "海峡",
		"Stream": "溪流",
		"Stretch": "直道",
		"Suburb": "市郊",
		"Summit": "山峰",
		"Swale": "洼地",
		"Swamp": "沼泽",
		"Sweep": "缓坡地带",
		"Taiga": "泰加林",
		"Tale": "故事",
		"Temple": "寺庙",
		"Terrace": "露台",
		"Terrain": "地形",
		"Terraria": "泰拉瑞亚",
		"Terrarium": "泰拉制笼机",
		"Territory": "领土",
		"Thicket": "小树丛",
		"Throne": "王座",
		"Tilt": "倾侧",
		"Timberland": "用材林地",
		"Tip": "尖端",
		"Tomb": "坟墓",
		"Towel": "毛巾",
		"Town": "城镇",
		"Tract": "大片土地",
		"Trail": "小径",
		"Trench": "沟渠",
		"Tributary": "支流",
		"Tropic": "热带",
		"Tundra": "苔原",
		"Tunnel": "地道",
		"Turf": "地盘",
		"Underbelly": "薄弱区域",
		"Undergrowth": "下层灌丛",
		"Underwood": "林下灌木",
		"Universe": "万象",
		"Unknown": "未知",
		"Upland": "山地",
		"Utopia": "乌托邦",
		"Vale": "溪谷",
		"Valley": "山谷",
		"Vault": "保险库",
		"Veldt": "稀树草原",
		"Vicinity": "邻近地区",
		"Vineyard": "葡萄园",
		"Vision": "视野",
		"Void": "虚空",
		"Ward": "病房",
		"Waste": "荒地",
		"Wasteland": "荒原",
		"Well": "水井",
		"Wetland": "湿地",
		"Wharf": "码头",
		"Wilderness": "荒野",
		"Wilds": "野外",
		"Wildwood": "自然林",
		"Wonderland": "仙境",
		"Wood": "木材",
		"Woodland": "林地",
		"Woods": "树林",
		"World": "世界",
		"Yard": "院子",
		"Yeet": "呀耶",
		"Zone": "地带"
	},
	"RandomWorldName_Noun": {
		"Ability": "能力",
		"Absurdity": "谬论",
		"Accidents": "意外",
		"Acne": "粉刺",
		"Acorns": "橡果",
		"Adamantite": "精金",
		"Adoration": "崇拜",
		"Adulthood": "成年",
		"Advantage": "优势",
		"Adventure": "探险",
		"Agony": "苦恼",
		"Alarm": "警报",
		"Alcohol": "酒精",
		"Ale": "麦芽酒",
		"Allergies": "过敏",
		"Amazement": "惊愕",
		"Angels": "天使",
		"Anger": "愤怒",
		"AngryGamers": "愤怒的玩家",
		"Anguish": "苦闷",
		"AnimalCarcasses": "动物尸体",
		"Annoyance": "烦恼",
		"Anvils": "砧",
		"Anxiety": "焦虑",
		"Apples": "苹果",
		"Apricots": "杏",
		"Argon": "氩",
		"Arrows": "箭",
		"Arsenic": "砒霜",
		"Arson": "纵火",
		"Arthritis": "关节炎",
		"Asbestos": "石棉",
		"Ash": "灰烬",
		"Assassins": "刺客",
		"Assault": "突击",
		"Atrophy": "萎缩",
		"Awareness": "意识",
		"Awe": "敬畏",
		"Bacon": "培根",
		"BadDecisions": "错误决定",
		"BadJokes": "冷笑话",
		"BadLuck": "噩运",
		"BadOmens": "凶兆",
		"Balance": "平衡",
		"Bamboo": "竹子",
		"Bananas": "香蕉",
		"Bandits": "强盗",
		"Bankruptcy": "破产",
		"Bark": "犬吠",
		"Bats": "蝙蝠",
		"Beauty": "美丽",
		"Beenades": "蜜蜂手榴弹",
		"Bees": "蜜蜂",
		"Beggars": "乞丐",
		"Beheadings": "砍头",
		"Belief": "信仰",
		"Betrayers": "叛徒",
		"Birds": "鸟",
		"Birthdays": "生日",
		"Bitterness": "苦涩",
		"Bladders": "膀胱",
		"Blasphemy": "亵渎神明",
		"Blindness": "失明",
		"Blinkroot": "闪耀根",
		"Blocks": "物块",
		"Blood": "血液",
		"Bloodletting": "嗜血",
		"Bloodshed": "杀戮",
		"Blossoms": "花朵",
		"Body": "身体",
		"Bone": "骨头",
		"Bones": "骨头",
		"Boomers": "炸弹魔",
		"Boots": "靴子",
		"Boredom": "厌烦",
		"Boulders": "巨石",
		"Brains": "大脑",
		"Branches": "树枝",
		"Bravery": "勇敢",
		"Bribery": "贿赂",
		"Bridges": "桥梁",
		"Brilliance": "光辉",
		"BrokenBones": "骨折",
		"BrokenDreams": "破碎梦",
		"BrokenGlass": "碎玻璃",
		"Bronies": "小马迷",
		"Bubbles": "泡泡",
		"Buckets": "水桶",
		"Bugs": "虫子",
		"Bums": "懒汉",
		"Bunnies": "兔兔",
		"Burglars": "窃贼",
		"BurningHair": "燃烧头发",
		"BurntFlesh": "焦肉",
		"BurntOfferings": "燔祭",
		"Butchery": "屠宰",
		"Butterflies": "蝴蝶",
		"Cacti": "仙人掌",
		"Calmness": "冷静",
		"Candy": "糖果",
		"Care": "关心",
		"Carnage": "屠杀",
		"Carrion": "腐尸",
		"Casualty": "伤亡人员",
		"Cats": "猫咪",
		"Cattails": "香蒲",
		"Caves": "洞穴",
		"Celebration": "喜庆弹射器",
		"Chainsaws": "链锯",
		"Chaos": "混乱",
		"Charity": "慈善",
		"Cheats": "作弊",
		"Cherries": "樱桃",
		"Chests": "宝箱",
		"Childhood": "童年",
		"Children": "儿童",
		"Chlorophyte": "叶绿",
		"Cilantro": "香菜叶",
		"Clarity": "清晰",
		"Clay": "粘土",
		"Clentamination": "环境改造",
		"Cleverness": "机灵",
		"Clouds": "云层",
		"Cobalt": "寇伯特",
		"Coconuts": "椰子",
		"Coffee": "咖啡",
		"Coins": "钱币",
		"Coldness": "严寒",
		"Comfort": "惬意",
		"Compassion": "同情",
		"Compost": "堆肥",
		"Confidence": "自信",
		"Confinement": "监禁",
		"Confusion": "混淆",
		"Contentment": "满足",
		"Convicts": "囚犯",
		"Copper": "铜",
		"Corpses": "尸体",
		"Corruption": "腐化",
		"Courage": "勇气",
		"Covfefe": "报道",
		"Creation": "创造",
		"Creatures": "生物",
		"Creepers": "飞眼怪",
		"Crests": "顶峰",
		"Crime": "罪行",
		"Criminals": "罪犯",
		"Crimtane": "猩红矿",
		"CripplingDepression": "严重抑郁症",
		"Crooks": "无赖",
		"Crows": "乌鸦",
		"Crystals": "水晶",
		"Cthulhu": "克苏鲁",
		"Curiosity": "好奇心",
		"CursedFlames": "诅咒焰",
		"Dabbing": "嘻哈超人舞",
		"Daisies": "雏菊",
		"DankMemes": "老梗",
		"Darkness": "黑暗",
		"Darts": "飞镖",
		"Daughters": "女儿",
		"Dawn": "黎明",
		"Daybloom": "太阳花",
		"Deadbeats": "赖账者",
		"DeadBodies": "死尸",
		"Death": "死亡",
		"Deathweed": "死亡草",
		"Debauchery": "淫逸",
		"Debt": "债务",
		"Decapitation": "斩首",
		"DecayingMeat": "烂肉",
		"Deceit": "欺骗",
		"Deception": "欺瞒",
		"Dedication": "奉献",
		"Defeat": "战胜",
		"Defecation": "排便区",
		"Degradation": "退化",
		"Delay": "延迟",
		"Delusion": "妄想",
		"Dementia": "痴呆",
		"Demilogic": "半逻辑",
		"Demonite": "魔矿",
		"Demons": "恶魔",
		"Derangement": "错乱",
		"Despair": "绝望",
		"Desperation": "绝望",
		"Destruction": "毁灭",
		"DijonMustard": "第戎芥末",
		"Dirt": "灰尘",
		"Disappointment": "失望",
		"Disgust": "恶心",
		"Dishonesty": "不诚实",
		"Dismay": "诧异",
		"Distortion": "扭曲",
		"Distribution": "分配",
		"Divorce": "离婚",
		"Doom": "厄运",
		"Dragonfruit": "火龙果",
		"Dragons": "龙",
		"Dread": "畏惧",
		"Dreams": "睡梦",
		"Drills": "钻头",
		"Drums": "鼓",
		"Ducks": "鸭",
		"Dusk": "黄昏",
		"Dust": "尘土",
		"Duty": "责任",
		"Dysphoria": "烦躁",
		"Ears": "耳朵",
		"Education": "教育",
		"Eggs": "蛋",
		"Elderberries": "接骨木果",
		"Elegance": "优雅",
		"Envy": "羡慕",
		"Evasion": "逃避",
		"Evil": "恶灵",
		"Exile": "流亡",
		"Exploits": "英勇事迹",
		"Explosives": "炸药",
		"Extortion": "勒索",
		"Eyes": "眼睛",
		"Fable": "寓言",
		"FaceMonsters": "脸怪",
		"Failures": "失败",
		"Fairies": "仙灵",
		"Faith": "信念",
		"FallingStars": "陨星",
		"Falsehood": "虚假",
		"FalseIdols": "虚假神像",
		"FalseImprisonment": "非法监禁",
		"Fame": "名声",
		"Famine": "饥荒",
		"Fantasy": "幻想",
		"Fascination": "着迷",
		"Fatality": "宿命",
		"Fear": "害怕",
		"Feathers": "羽毛",
		"Feces": "排泄物",
		"Felons": "重罪犯",
		"Ferns": "蕨",
		"Fiction": "小说",
		"Fiends": "魔王",
		"Fingers": "手指",
		"Fireblossom": "火焰花",
		"Fireflies": "萤火虫",
		"Fish": "鱼",
		"Flails": "连枷",
		"Flatulence": "浮夸",
		"Flatus": "肠胃气",
		"Flesh": "肉体",
		"Floof": "软萌小可爱",
		"Flowers": "花",
		"FlyingFish": "飞鱼",
		"FoodPoisoning": "食物中毒",
		"Forgery": "伪造",
		"Forks": "叉子",
		"Fraud": "欺诈",
		"Freaks": "怪人",
		"Freckles": "雀斑",
		"Freedom": "自主",
		"Friendship": "友谊",
		"Fright": "惊骇",
		"Frogs": "青蛙",
		"Frost": "霜",
		"Fruit": "水果",
		"Gangsters": "暴徒",
		"Garbage": "垃圾",
		"GarlicBread": "香蒜面包",
		"Gears": "装置",
		"Gel": "凝胶",
		"Generation": "世代",
		"GenXers": "X世代",
		"GenYers": "Y世代",
		"Ghosts": "鬼魂",
		"Giggles": "傻笑",
		"Gingers": "姜",
		"Girls": "女孩",
		"Glass": "玻璃",
		"Gloom": "幽暗",
		"Gluttony": "贪食",
		"Goals": "目标",
		"Goblins": "哥布林",
		"Gold": "金",
		"Goldfish": "金鱼",
		"Gossip": "八卦",
		"Grain": "粮食",
		"Grandfathers": "祖父",
		"Grandmothers": "祖母",
		"Granite": "花岗岩",
		"Grapefruit": "葡萄柚",
		"Grapes": "葡萄",
		"Grass": "青草",
		"Grasshoppers": "蚱蜢",
		"Graves": "墓穴",
		"Greed": "贪婪",
		"Grief": "悲痛",
		"Guitars": "吉他",
		"Guts": "内脏",
		"Hair": "头发",
		"Hamburgers": "汉堡",
		"Hammers": "锤子",
		"Hands": "手",
		"Happiness": "快乐",
		"HappyEndings": "完美结局",
		"Hardship": "艰难",
		"Harpies": "鸟妖",
		"Hate": "憎恨",
		"Hatred": "憎恨",
		"Heart": "心",
		"Heartache": "心痛",
		"Hearts": "心脏",
		"Heels": "高跟鞋",
		"Hellstone": "狱石",
		"Herbs": "草药",
		"Heresy": "异端邪说",
		"Homicide": "杀人",
		"Honey": "蜂蜜",
		"Hoodlums": "恶棍",
		"Hooks": "爪钩",
		"Hooligans": "小流氓",
		"Hopelessness": "无望",
		"Hornets": "黄蜂",
		"Horns": "号角",
		"Hornswoggle": "戏弄",
		"Horror": "惊栗",
		"Horrors": "惊栗",
		"Houses": "房屋",
		"Humiliation": "耻辱",
		"Hurt": "受伤",
		"Hysteria": "歇斯底里",
		"Ice": "寒冰",
		"Ichor": "灵液",
		"IDidntInhale": "我没吸",
		"Illness": "疾病",
		"Indictments": "控告",
		"Indigestion": "消化不良",
		"Indignity": "侮辱",
		"Infancy": "幼年",
		"Infections": "传染病",
		"Inflammation": "炎症",
		"Inflation": "膨胀",
		"Injury": "损伤",
		"Insanity": "癫狂",
		"Insects": "昆虫",
		"Intelligence": "智力",
		"Intestines": "肠脏",
		"Invasions": "入侵",
		"Iron": "铁",
		"Irritation": "气恼",
		"Isolation": "孤立",
		"Ivy": "常春藤",
		"Jaws": "关口",
		"Jealousy": "嫉妒",
		"Jellyfish": "水母",
		"Joy": "高兴",
		"Justice": "公正",
		"Karens": "凯伦",
		"Kidneys": "肾脏",
		"Kindness": "仁慈",
		"Kittens": "小猫",
		"Knives": "小刀",
		"Krypton": "氪",
		"Lamps": "灯",
		"Laughter": "笑声",
		"Lava": "熔岩",
		"Lawsuits": "诉讼案",
		"Lawyers": "律师",
		"Lead": "铅",
		"Leaves": "树叶",
		"Legend": "传说",
		"Leggings": "护腿",
		"Legs": "腿",
		"Lemons": "柠檬",
		"Leprosy": "麻风病",
		"Letdown": "辜负",
		"Lethargy": "无精打采",
		"Liberty": "自由",
		"Lies": "谎言",
		"Life": "生命值",
		"LightningBugs": "荧光虫",
		"Lilies": "百合花",
		"Lilith": "莉莉斯",
		"Lilypad": "睡莲",
		"Lips": "嘴唇",
		"Litigation": "诉讼",
		"Livers": "肝脏",
		"Loathing": "嫌恶",
		"Lombago": "腰痛",
		"Loneliness": "孤独",
		"Lore": "学问",
		"Loss": "损失",
		"Love": "喜爱",
		"Luck": "运气",
		"Luggage": "行李",
		"Luminite": "夜明矿",
		"Lungs": "肺",
		"Luxury": "奢华",
		"Madness": "气愤",
		"Maggots": "蝇蛆",
		"Mana": "魔力",
		"Mangos": "芒果",
		"Mania": "狂躁",
		"Manslaughter": "过失杀人",
		"Marble": "大理石",
		"Markets": "市场",
		"Mastication": "咀嚼",
		"Maturity": "成熟",
		"Medicine": "药物",
		"Melancholy": "忧郁",
		"Memes": "弥母",
		"Mercy": "宽恕",
		"Merica": "海螺",
		"Meteorite": "陨石",
		"Mice": "老鼠",
		"Midnight": "午夜",
		"MidnightRamen": "午夜拉面",
		"Millennials": "千禧一代",
		"Mimics": "宝箱怪",
		"Mirrors": "镜子",
		"Misery": "悲惨",
		"Misfortune": "不幸",
		"MissingLimbs": "缺肢断腿",
		"Models": "模型",
		"Money": "金钱",
		"Monotony": "单调",
		"Moonglow": "月光草",
		"Moonlight": "月光",
		"Morons": "低能儿",
		"Mortality": "死亡率",
		"Moss": "苔藓",
		"Mourning": "哀悼",
		"Mouths": "嘴",
		"Movement": "移动",
		"Muckers": "伙计",
		"Mud": "泥巴",
		"Muggers": "抢劫犯",
		"Murder": "谋杀",
		"Murderers": "杀人凶手",
		"Mushrooms": "蘑菇",
		"Music": "音乐",
		"Mystery": "神秘",
		"Myth": "神话",
		"Mythril": "秘银",
		"Nausea": "作呕",
		"Necromancers": "死灵法师",
		"Necromancy": "死灵法术",
		"Night": "奈特",
		"Nightcrawlers": "夜行者",
		"Nightmares": "噩梦",
		"Nocram": "无奥库瑞姆",
		"NoRemorse": "毫无悔恨",
		"Nostalgia": "怀旧",
		"Nudity": "裸体",
		"Obscurity": "朦胧",
		"Obsidian": "黑曜石",
		"Odor": "气味",
		"OopsieDaisy": "乌浦西雏菊",
		"Ooze": "渗出",
		"OpenWounds": "撕裂伤口",
		"Opportunity": "机会",
		"Options": "选项",
		"Oranges": "橙子",
		"Organs": "器官",
		"Orichalcum": "山铜",
		"Outlaws": "逃犯",
		"Owls": "猫头鹰",
		"PadThai": "泰式炒面",
		"Pain": "痛苦",
		"Palladium": "钯金",
		"Panhandlers": "叫花子",
		"Panic": "恐慌",
		"Parasites": "寄生虫",
		"Parties": "派对",
		"PartyTime": "派对时间",
		"Patience": "耐心",
		"Peace": "和平",
		"Penguins": "企鹅",
		"Perjury": "伪证",
		"Perspiration": "汗水",
		"Pickaxes": "镐",
		"Pickpockets": "扒手",
		"Pineapples": "菠萝",
		"Pinky": "粉史莱姆",
		"Piranha": "食人鱼",
		"Piranhas": "食人鱼",
		"Pirates": "海盗",
		"Pixies": "妖精",
		"Plantero": "微型世纪之花",
		"Plants": "植物",
		"Platinum": "铂金",
		"Pleasure": "喜悦",
		"Plums": "李子",
		"Politicians": "政治家",
		"Ponies": "小马",
		"Potions": "药水",
		"Poverty": "贫困",
		"Power": "力量",
		"Pride": "骄傲",
		"Prisms": "棱镜",
		"Privacy": "隐私",
		"Prophecy": "预言",
		"Psychology": "心理学",
		"PublicSpeaking": "公开演讲",
		"Puppies": "小狗",
		"Rain": "雨",
		"Ramen": "拉面",
		"Rats": "大鼠",
		"Reality": "现实",
		"Regret": "后悔",
		"Regurgitation": "回流",
		"Relaxation": "放松",
		"Relief": "宽慰",
		"Remorse": "悔恨",
		"Repugnance": "厌恶",
		"Riches": "财富",
		"RichMahogany": "红木",
		"Rocks": "岩石",
		"Rope": "绳",
		"Roses": "玫瑰",
		"RottenFruit": "烂果",
		"RottingFlesh": "腐肉",
		"Rumours": "谣言",
		"Sacrifice": "祭品",
		"Sacrilege": "亵渎",
		"Sadness": "难过",
		"Salesmen": "推销员",
		"Sand": "沙子",
		"Sandstone": "沙岩",
		"Sanity": "心智健全",
		"Sap": "汁液",
		"Saplings": "树苗",
		"Sashimi": "生鱼片",
		"Satisfaction": "满意",
		"Scandal": "丑闻",
		"Scorpions": "蝎子",
		"Seasons": "季节",
		"Seaweed": "海草",
		"Seclusion": "隐居",
		"Secrecy": "保密",
		"Secrets": "秘密",
		"Seeds": "种子",
		"SelfControl": "自我控制",
		"SelfDisgust": "自我憎恨",
		"SelfLoathing": "自我讨厌",
		"Services": "服务",
		"SeveredHeads": "断头",
		"Shade": "色度",
		"Shadows": "暗影",
		"ShatteredHope": "破碎希望",
		"Shivers": "颤抖",
		"Shiverthorn": "寒颤棘",
		"Shock": "震惊",
		"Shrimp": "虾",
		"Silliness": "愚蠢",
		"Silt": "淤泥",
		"Silver": "银",
		"Sin": "罪恶",
		"Skeletons": "骷髅",
		"Skill": "技能",
		"Skin": "皮肤",
		"Skulls": "骷髅头",
		"Sleep": "睡觉",
		"Slime": "史莱姆",
		"Sloth": "树懒",
		"Sloths": "树懒",
		"Smiles": "微笑",
		"Smoke": "烟雾",
		"Snails": "蜗牛",
		"Snatchers": "抓人草",
		"Snow": "白雪",
		"Solicitation": "恳求",
		"Sorrow": "悲伤",
		"Spaghetti": "意大利面",
		"Sparkles": "火花",
		"Spears": "长矛",
		"Speed": "速度",
		"SpicyRamen": "香辣拉面",
		"Spikes": "尖刺",
		"Spirits": "灵魂",
		"Splinters": "尖碎片",
		"Sponges": "海绵",
		"Sprinkles": "小雨",
		"Spurs": "刺激",
		"Squid": "乌贼",
		"Squirrels": "松鼠",
		"StagnantWater": "死水",
		"Starfruit": "杨桃",
		"Starvation": "挨饿",
		"Statues": "雕像",
		"Stone": "石头",
		"Stonks": "猛烈炮轰",
		"Strength": "力气",
		"Strictness": "严格",
		"Stumps": "树桩",
		"Suffering": "苦难",
		"Sunflowers": "向日葵",
		"Superstition": "迷信",
		"Surprise": "惊喜",
		"Swagger": "大摇大摆",
		"Swindlers": "骗子",
		"Swords": "剑",
		"Talent": "才能",
		"TanSuits": "棕褐色西装",
		"Taxes": "税款",
		"TeddysBread": "泰迪面包",
		"Teeth": "牙齿",
		"Terror": "惶恐",
		"the Ancients": "古人",
		"the Angler": "渔夫",
		"the Apple": "苹果",
		"the Archer": "弓箭手",
		"the Aunt": "阿姨",
		"the Axe": "斧",
		"the Baby": "宝宝",
		"the Ball": "球",
		"the Balloon": "气球",
		"the Bat": "蝙蝠",
		"the Beast": "野兽",
		"the Betrayed": "叛徒",
		"the Blender": "搅拌机",
		"the Blood Moon": "血月",
		"the Bow": "弓",
		"the Bride": "新娘",
		"the Brony": "小马迷",
		"the Bubble": "泡泡",
		"the Bunny": "兔兔",
		"the Cactus": "仙人掌",
		"the Cloud": "云层",
		"the Coma": "彗发",
		"the Corruptor": "腐化者",
		"the Crab": "螃蟹",
		"the Dance": "舞蹈",
		"the Dark": "黑暗",
		"the Dead": "死者",
		"the Devourer": "吞噬怪",
		"the Drax": "德拉克斯",
		"the Ducks": "鸭子",
		"the Eclipse": "日食",
		"the Fairy": "仙灵",
		"the Father": "圣父",
		"the Flu": "流感",
		"the Foot": "步兵",
		"the Frozen": "冰冻之地",
		"the Gift": "礼物",
		"the Ginger": "姜",
		"the Goblin": "哥布林",
		"the Golem": "巨人",
		"the GreatestGeneration": "最伟大一代",
		"the Groom": "新郎",
		"the Guest": "客人",
		"the Hammer": "锤子",
		"the Hammush": "蘑菇锤",
		"the Head": "头部",
		"the Heavens": "天堂",
		"the Hipster": "潮人",
		"the Hobo": "浪客",
		"the Homeless": "无家可归者",
		"the King": "大王",
		"the Law": "法律",
		"the Library": "图书馆",
		"the Lihzahrd": "丛林蜥蜴",
		"the Lilith": "女妖",
		"the Lizard King": "蜥蜴王",
		"the LostGeneration": "迷惘一代",
		"the Mirror": "镜子",
		"the Monster": "怪物",
		"the Moon": "月亮",
		"the Mother": "母亲",
		"the Mummy": "木乃伊",
		"the Mushroom": "蘑菇地",
		"the Narc": "毒麻药",
		"the Needy": "穷人",
		"the Nude": "裸体",
		"the Old One": "老人",
		"the Pandemic": "流行病",
		"the Pickaxe": "镐",
		"the Picksaw": "镐锯",
		"the Pigron": "猪龙",
		"the Po Boy": "三明治",
		"the Porcelain God": "厕神",
		"the Prism": "棱镜",
		"the Prophecy": "预言",
		"the Pwnhammer": "神锤",
		"the Queen": "女王",
		"the Ramen": "拉面",
		"the Right": "权利",
		"the Scholar": "学者",
		"the Shark": "鲨鱼",
		"the Sickle": "镰刀",
		"the Sky": "天空",
		"the Snap": "照片",
		"the Snitch": "告密者",
		"the Spelunker": "洞穴探险者",
		"the Staff": "法杖",
		"the Stars": "星星",
		"the Stench": "腥臭",
		"the Stooge": "跟屁虫",
		"the Sun": "太阳",
		"the Sword": "剑",
		"the Tooth": "牙齿",
		"The Torch God": "火把神",
		"the Tortoise": "陆龟",
		"the Tree": "树",
		"the Trend": "趋势",
		"the Undead": "亡灵",
		"the Unicorn": "独角兽",
		"the Union": "联盟",
		"the Unknown": "未知",
		"the Varmint": "害兽",
		"the Waraxe": "战斧",
		"the Yoyo": "悠悠球",
		"Thieves": "盗贼",
		"Thorns": "荆棘",
		"Thunder": "雷",
		"Tin": "锡",
		"Tingling": "刺痛感",
		"Tiredness": "疲劳",
		"Titanium": "钛金",
		"Tombstones": "墓石",
		"Torches": "火把",
		"Torment": "磨难",
		"TornMuscles": "肌肉撕裂",
		"Torture": "折磨",
		"Traitors": "叛贼",
		"Tramps": "流浪汉",
		"Tranquility": "静谧",
		"Traps": "机关",
		"Trash": "丢弃",
		"Treasure": "宝藏",
		"Trees": "树",
		"Trends": "趋势",
		"Trouble": "麻烦",
		"Truffles": "松露",
		"Trunks": "树干",
		"Trust": "信任",
		"Tungsten": "钨",
		"Twigs": "嫩枝",
		"Twilight": "暮光",
		"TwistedAnkles": "崴脚",
		"Umbrellas": "伞",
		"UnjustPrices": "不公平价格",
		"Upchuck": "呕吐",
		"Vagabonds": "无业游民",
		"Vampires": "吸血鬼",
		"Vanity": "时装",
		"Venom": "毒液",
		"Victims": "受害者",
		"Victory": "胜利",
		"Villains": "坏人",
		"Vines": "藤蔓",
		"Violets": "紫罗兰",
		"Vomit": "呕吐物",
		"Vultures": "秃鹰",
		"Wands": "魔棒",
		"Wariness": "谨慎",
		"Warmth": "温暖",
		"Wasps": "胡蜂",
		"Waterleaf": "幌菊",
		"Weakness": "弱点",
		"Wealth": "财产",
		"Webs": "蛛丝",
		"Weeds": "野草",
		"Werewolves": "狼人",
		"Whoopsies": "黑色金属",
		"Wings": "翅膀",
		"Wires": "电线",
		"Wisdom": "智慧",
		"Woe": "悲哀",
		"Wood": "木材",
		"Worms": "蠕虫",
		"Worries": "担心",
		"Wrath": "怒气",
		"Wrenches": "扳手",
		"Wyverns": "飞龙",
		"Xenon": "氙",
		"Yoyos": "悠悠球",
		"Zombies": "僵尸",
		"Zoomers": "放大镜"
	},
	"RichPresence": {
		"CreatingPlayer": "正在创建玩家",
		"CreatingWorld": "正在生成世界",
		"InMainMenu": "在主菜单中",
		"PlayingMulti": "多人游戏",
		"PlayingSingle": "单人游戏",
		"Spaghet": "煮意大利面"
	},
	"Workshop": {
		"CategoryTitleDisclaimer": "服务协议",
		"CategoryTitleTags": "标签",
		"EnterNewNameForImportedWorld": "输入世界名称：",
		"HubDescriptionDefault": "选择一个选项以了解更多信息。",
		"HubDescriptionImportWorlds": "将你已订阅的世界从Steam创意工坊导入到你自己的世界列表中，以便你可以探索这些世界。",
		"HubDescriptionPublishResourcePacks": "将你的资源包发布到Steam创意工坊，以便其他人可以使用。",
		"HubDescriptionPublishWorlds": "将你的世界发布到Steam创意工坊，以便其他人可以使用。",
		"HubPublishResourcePacks": "发布资源包",
		"HubPublishWorlds": "发布世界",
		"HubResourcePacks": "使用资源包",
		"HubWorlds": "导入世界",
		"InfoDescriptionDefault": "请选择如何使用上述选项发布你的物品",
		"PreviewImagePathDescription": "为此物品选择预览图像，\n该图像将在你浏览创意工坊时显示（最大尺寸为512x512）",
		"PreviewImagePathEmpty": "空荡",
		"PreviewImagePathTitle": "图像：",
		"Publish": "发布",
		"ReportIssue_CannotPublishZips": "压缩资源包无法发布到创意工坊！",
		"ReportIssue_CouldNotCreateResourcePackManifestFile": "无法创建资源包清单！原因：{Reason}",
		"ReportIssue_CouldNotCreateTemporaryFolder": "无法创建临时文件夹！",
		"ReportIssue_FailedToLoadSubscribedFile": "无法加载已订阅文件！路径：{FilePath}！原因：{Reason}",
		"ReportIssue_FailedToPublish_AccessDeniedBecauseUserDoesntOwnLicenseForApp": "{$Workshop.ReportIssue_FailedToPublish_Common} 如果此问题反复出现，请尝试重新启动Steam！",
		"ReportIssue_FailedToPublish_Common": "无法将该物品发布到Steam！",
		"ReportIssue_FailedToPublish_CouldNotFindFolderToUpload": "{$Workshop.ReportIssue_FailedToPublish_Common} 已发布物品的内容文件夹缺失？！",
		"ReportIssue_FailedToPublish_ImageSizeIsTooLarge": "你要使用的图像的大小不得超过512x512像素！\n当前大小：{Width}x{Height}。",
		"ReportIssue_FailedToPublish_InvalidParametersForPublishing": "{$Workshop.ReportIssue_FailedToPublish_Common} 你是否修改了游戏的Steam应用程序ID？",
		"ReportIssue_FailedToPublish_LimitExceeded": "{$Workshop.ReportIssue_FailedToPublish_Common} 已超出大小限制！请确保预览图像小于1mb，而且Steam Cloud上有足够的空间供你发布",
		"ReportIssue_FailedToPublish_SteamFileLockFailed": "{$Workshop.ReportIssue_FailedToPublish_Common} 无法获取UGC锁。如果此问题反复出现，请尝试重新启动Steam！",
		"ReportIssue_FailedToPublish_UserDidNotAcceptWorkshopTermsOfService": "{$Workshop.ReportIssue_FailedToPublish_Common} 你需要接受创意工坊的服务条款！",
		"ReportIssue_FailedToPublish_WithoutKnownReason": "{$Workshop.ReportIssue_FailedToPublish_Common} 错误代码：{Reason}",
		"ReportLogsButton": "日志",
		"ReportLogsInitialMessage": "目前尚无可显示的内容。",
		"ResourcePackName": "名字：",
		"ResourcePackPublishDescription": "默认情况下，发布资源包会将其作为私密内容（仅对你可见）上传到Steam创意工坊。你可以从其Steam入口页面随意调整其预览图像、标题和说明，然后在准备好以后将其设置为公开内容。提交该资源包，即表示你同意创意工坊的服务条款。",
		"SettingsPublicityFriendsOnly": "仅限好友",
		"SettingsPublicityFriendsOnlyDescription": "一经发布，你的内容将仅对你和你的好友可见且可用\n{$Workshop.SettingsPublicityDescriptionSharedNote}",
		"SettingsPublicityPrivate": "私密",
		"SettingsPublicityPrivateDescription": "一经发布，你的内容将仅对你可见\n{$Workshop.SettingsPublicityDescriptionSharedNote}",
		"SettingsPublicityPublic": "公开",
		"SettingsPublicityPublicDescription": "一经发布，你的内容将对所有人可见且可用\n{$Workshop.SettingsPublicityDescriptionSharedNote}",
		"SteamDisclaimer": "提交此物品，即表示你同意创意工坊的服务条款。",
		"SteamDisclaimerDescrpition": "打开完整Steam服务条款的页面\n请负责任地上传内容",
		"WorldName": "名字：",
		"WorldPublishDescription": "默认情况下，发布世界会将其作为私密内容（仅对你可见）上传到Steam创意工坊。你可以从其Steam入口页面随意调整其预览图像、标题和说明，然后在准备好以后将其设置为公开内容。提交该世界，即表示你同意创意工坊的服务条款。",
		"HubDescriptionUseResourcePacks": "使用通过Steam创意工坊下载或订阅的资源包，畅享画面精美的世界，还可使用本地语言游玩。",
		"SettingsPublicityDescriptionSharedNote": "你随时可以通过相应的创意工坊页面调整内容的可见性设置",
		"CategoryTitlePublicity": "可见性"
	},
	"WorkshopTags": {
		"AdventureWorlds": "探险",
		"AllItemsWorlds": "所有物品",
		"AllItemsWorldsDescription": "可让你在其中找到宝箱内每个物品的世界。",
		"FromTerrariaMods": "源自模组",
		"GolfWorlds": "高尔夫",
		"PopularCulture": "流行文化",
		"StarterWorlds": "新手",
		"StarterWorldsDescription": "可让你在其中拥有良好开端的世界。",
		"FunSillyDescription": "含有趣事和蠢事的资源包。你的弥母来了！",
		"AdventureWorldsDescription": "手工制作的世界，你可以在这里按照既定的规则开展惊心动魄的冒险之旅！",
		"GolfWorldsDescription": "手工制作的泰拉瑞亚高尔夫球场，你可以在这里开球，创造球场纪录。",
		"JourneyWorlds": "旅行",
		"JourneyWorldsDescription": "要求旅行模式角色参与的世界——能力大、责任感强的角色！",
		"ClassicWorlds": "经典",
		"ClassicWorldsDescription": "用于打造标准泰拉瑞亚体验的世界。",
		"ExpertWorlds": "专家",
		"ExpertWorldsDescription": "基于专家难度的世界——孩子，去追寻财富和荣耀吧！",
		"MasterWorlds": "大师",
		"MasterWorldsDescription": "基于大师难度的世界，仅适用于追寻挑战的狂热人士！",
		"ChallengeWorlds": "挑战",
		"ChallengeWorldsDescription": "挑战能力的世界！跑酷、智力游戏等等！",
		"CorruptionWorlds": "腐化",
		"CorruptionWorldsDescription": "受到恶灵腐化感染的世界。",
		"CrimsonWorlds": "猩红",
		"CrimsonWorldsDescription": "遭到吞噬一切的猩红之地折磨的世界。",
		"SmallWorlds": "小",
		"SmallWorldsDescription": "小巧、紧凑且舒适的世界！",
		"MediumWorlds": "中",
		"MediumWorldsDescription": "大小适中的世界！",
		"LargeWorlds": "大",
		"LargeWorldsDescription": "足以容纳一群人的大世界！",
		"FromTerrariaModsDescription": "含有基于模组内容的资源包。",
		"PopularCultureDescription": "充满流行文化的资源包。",
		"Music": "音乐",
		"MusicDescription": "可调整泰拉瑞亚音乐的资源包，赋予新的氛围！",
		"LanguageTranslations": "译文",
		"LanguageTranslationsDescription": "可调整译文或添加全新译文的资源包！",
		"HighResolution": "高分辨率",
		"HighResolutionDescription": "专注于高分辨率内容的资源包。",
		"Overhaul": "修整",
		"OverhaulDescription": "对泰拉瑞亚进行部分或全部彻底修整的资源包！",
		"Tweaks": "微调",
		"TweaksDescription": "仅对特定内容进行细微更改的资源包。",
		"OtherWorlds": "其他",
		"OtherWorldsDescription": "用于其他用途的世界，不要与异世界混淆！",
		"FunSilly": "有趣/蠢萌",
		"OtherResourcePacks": "其他",
		"OtherResourcePacksDescription": "用于其他用途的资源包，非常超凡脱俗！"
	},
	"SpecialWorldName": {
		"TheConstant": "永恒领域"
	},
	"TitleLinks": {
		"Discord": "Discord",
		"Reddit": "Reddit",
		"Instagram": "Instagram",
		"Twitter": "Twitter",
		"Forums": "论坛",
		"Merch": "商店",
		"Wiki": "维基网站"
	}
}