{
	"NPCName": {
		"BlueSlime": "蓝史莱姆",
		"GiantWormHead": "巨型蠕虫",
		"SeekerTail": "吞世怪",
		"Clinger": "爬藤怪",
		"AnglerFish": "琵琶鱼",
		"GreenJellyfish": "绿水母",
		"Werewolf": "狼人",
		"BoundGoblin": "受缚哥布林",
		"BoundWizard": "受缚巫师",
		"GoblinTinkerer": "哥布林工匠",
		"Wizard": "巫师",
		"Clown": "小丑",
		"GiantWormBody": "巨型蠕虫",
		"SkeletonArcher": "骷髅弓箭手",
		"GoblinArcher": "哥布林弓箭手",
		"VileSpit": "魔唾液",
		"WallofFlesh": "血肉墙",
		"WallofFleshEye": "血肉墙",
		"TheHungry": "饿鬼",
		"TheHungryII": "饿鬼",
		"LeechHead": "血蛭",
		"LeechBody": "血蛭",
		"LeechTail": "血蛭",
		"GiantWormTail": "巨型蠕虫",
		"ChaosElemental": "混沌精",
		"Slimer": "恶翅史莱姆",
		"Gastropod": "腹足怪",
		"BoundMechanic": "受缚机械师",
		"Mechanic": "机械师",
		"Retinazer": "激光眼",
		"Spazmatism": "魔焰眼",
		"SkeletronPrime": "机械骷髅王",
		"PrimeCannon": "机械炮",
		"PrimeSaw": "机械锯",
		"EaterofWorldsHead": "世界吞噬怪",
		"PrimeVice": "机械钳",
		"PrimeLaser": "机械激光",
		"BaldZombie": "僵尸",
		"WanderingEye": "游荡眼球怪",
		"TheDestroyer": "毁灭者",
		"TheDestroyerBody": "毁灭者",
		"TheDestroyerTail": "毁灭者",
		"IlluminantBat": "夜明蝙蝠",
		"IlluminantSlime": "夜明史莱姆",
		"Probe": "探测怪",
		"EaterofWorldsBody": "世界吞噬怪",
		"PossessedArmor": "装甲幻影魔",
		"ToxicSludge": "毒泥",
		"SantaClaus": "圣诞老人",
		"SnowmanGangsta": "雪人暴徒",
		"MisterStabby": "戳刺先生",
		"SnowBalla": "巴拉雪人",
		"IceSlime": "冰雪史莱姆",
		"Penguin": "企鹅",
		"PenguinBlack": "企鹅",
		"EaterofWorldsTail": "世界吞噬怪",
		"IceBat": "冰雪蝙蝠",
		"Lavabat": "熔岩蝙蝠",
		"GiantFlyingFox": "巨型飞狐",
		"GiantTortoise": "巨型陆龟",
		"IceTortoise": "冰雪陆龟",
		"Wolf": "狼",
		"RedDevil": "红魔鬼",
		"Arapaima": "巨骨舌鱼",
		"VampireBat": "吸血鬼",
		"Vampire": "吸血鬼",
		"MotherSlime": "史莱姆之母",
		"Truffle": "松露人",
		"ZombieEskimo": "冰冻僵尸",
		"Frankenstein": "科学怪人",
		"BlackRecluse": "黑隐士",
		"WallCreeper": "爬墙蜘蛛",
		"WallCreeperWall": "爬墙蜘蛛",
		"SwampThing": "沼泽怪",
		"UndeadViking": "亡灵维京海盗",
		"CorruptPenguin": "腐化企鹅",
		"IceElemental": "冰雪精",
		"Merchant": "商人",
		"PigronCorruption": "猪龙",
		"PigronHallow": "猪龙",
		"RuneWizard": "符文巫师",
		"Crimera": "猩红喀迈拉",
		"Herpling": "蹦蹦兽",
		"AngryTrapper": "愤怒捕手",
		"MossHornet": "青苔黄蜂",
		"Derpling": "跳跳兽",
		"Steampunker": "蒸汽朋克人",
		"CrimsonAxe": "猩红斧",
		"Nurse": "护士",
		"PigronCrimson": "猪龙",
		"FaceMonster": "脸怪",
		"FloatyGross": "恶心浮游怪",
		"Crimslime": "猩红史莱姆",
		"SpikedIceSlime": "尖刺冰雪史莱姆",
		"SnowFlinx": "小雪怪",
		"PincushionZombie": "僵尸",
		"SlimedZombie": "僵尸",
		"SwampZombie": "僵尸",
		"TwiggyZombie": "僵尸",
		"ArmsDealer": "军火商",
		"CataractEye": "恶魔眼",
		"SleepyEye": "恶魔眼",
		"DialatedEye": "恶魔眼",
		"GreenEye": "恶魔眼",
		"PurpleEye": "恶魔眼",
		"LostGirl": "迷失女孩",
		"Nymph": "宁芙",
		"ArmoredViking": "装甲维京海盗",
		"Lihzahrd": "丛林蜥蜴",
		"LihzahrdCrawler": "丛林蜥蜴",
		"DemonEye": "恶魔眼",
		"Dryad": "树妖",
		"FemaleZombie": "僵尸",
		"HeadacheSkeleton": "骷髅",
		"MisassembledSkeleton": "骷髅",
		"PantlessSkeleton": "骷髅",
		"SpikedJungleSlime": "尖刺丛林史莱姆",
		"Moth": "蛾",
		"IcyMerman": "冰雪人鱼",
		"DyeTrader": "染料商",
		"PartyGirl": "派对女孩",
		"Cyborg": "机器侠",
		"Skeleton": "骷髅",
		"Bee": "蜜蜂",
		"BeeSmall": "蜜蜂",
		"PirateDeckhand": "海盗水手",
		"PirateCorsair": "私船海盗",
		"PirateDeadeye": "海盗神射手",
		"PirateCrossbower": "海盗弩手",
		"PirateCaptain": "海盗船长",
		"CochinealBeetle": "胭脂虫",
		"CyanBeetle": "青壳虫",
		"LacBeetle": "紫胶虫",
		"Guide": "向导",
		"SeaSnail": "海蜗牛",
		"Squid": "乌贼",
		"QueenBee": "蜂王",
		"ZombieRaincoat": "雨衣僵尸",
		"FlyingFish": "飞鱼",
		"UmbrellaSlime": "雨伞史莱姆",
		"FlyingSnake": "飞蛇",
		"Painter": "油漆工",
		"WitchDoctor": "巫医",
		"Pirate": "海盗",
		"MeteorHead": "流星头",
		"GoldfishWalker": "金鱼",
		"HornetFatty": "黄蜂",
		"HornetHoney": "黄蜂",
		"HornetLeafy": "黄蜂",
		"HornetSpikey": "黄蜂",
		"HornetStingy": "黄蜂",
		"JungleCreeper": "丛林蜘蛛",
		"JungleCreeperWall": "丛林蜘蛛",
		"BlackRecluseWall": "黑隐士",
		"BloodCrawler": "血爬虫",
		"FireImp": "火焰小鬼",
		"BloodCrawlerWall": "血爬虫",
		"BloodFeeder": "嗜血怪",
		"BloodJelly": "血水母",
		"IceGolem": "冰雪巨人",
		"RainbowSlime": "彩虹史莱姆",
		"Golem": "石巨人",
		"GolemHead": "石巨人头",
		"GolemFistLeft": "石巨人之拳",
		"GolemFistRight": "石巨人之拳",
		"GolemHeadFree": "石巨人头",
		"BurningSphere": "烈焰球",
		"AngryNimbus": "愤怒雨云怪",
		"Eyezor": "眼怪",
		"Parrot": "鹦鹉",
		"Reaper": "死神",
		"ZombieMushroom": "孢子僵尸",
		"ZombieMushroomHat": "孢子僵尸",
		"FungoFish": "蘑菇鱼",
		"AnomuraFungus": "歪尾真菌",
		"MushiLadybug": "瓢虫",
		"FungiBulb": "真菌球怪",
		"GoblinPeon": "哥布林苦力",
		"GiantFungiBulb": "巨型真菌球怪",
		"FungiSpore": "真菌孢子",
		"Plantera": "世纪之花",
		"PlanterasHook": "世纪之花钩",
		"PlanterasTentacle": "世纪之花触手",
		"Spore": "孢子",
		"BrainofCthulhu": "克苏鲁之脑",
		"Creeper": "飞眼怪",
		"IchorSticker": "灵液黏黏怪",
		"RustyArmoredBonesAxe": "生锈装甲骷髅",
		"GoblinThief": "哥布林盗贼",
		"RustyArmoredBonesFlail": "生锈装甲骷髅",
		"RustyArmoredBonesSword": "生锈装甲骷髅",
		"RustyArmoredBonesSwordNoArmor": "生锈装甲骷髅",
		"BlueArmoredBones": "蓝装甲骷髅",
		"BlueArmoredBonesMace": "蓝装甲骷髅",
		"BlueArmoredBonesNoPants": "蓝装甲骷髅",
		"BlueArmoredBonesSword": "蓝装甲骷髅",
		"HellArmoredBones": "地狱装甲骷髅",
		"HellArmoredBonesSpikeShield": "地狱装甲骷髅",
		"HellArmoredBonesMace": "地狱装甲骷髅",
		"GoblinWarrior": "哥布林战士",
		"HellArmoredBonesSword": "地狱装甲骷髅",
		"RaggedCaster": "褴褛邪教徒法师",
		"RaggedCasterOpenCoat": "褴褛邪教徒法师",
		"Necromancer": "死灵法师",
		"NecromancerArmored": "死灵法师",
		"DiabolistRed": "魔教徒",
		"DiabolistWhite": "魔教徒",
		"BoneLee": "骷髅李小龙",
		"DungeonSpirit": "地牢幽魂",
		"GiantCursedSkull": "巨型诅咒骷髅头",
		"GoblinSorcerer": "哥布林巫士",
		"Paladin": "圣骑士",
		"SkeletonSniper": "骷髅狙击手",
		"TacticalSkeleton": "骷髅特警",
		"SkeletonCommando": "骷髅突击手",
		"AngryBonesBig": "愤怒骷髅怪",
		"AngryBonesBigMuscle": "愤怒骷髅怪",
		"AngryBonesBigHelmet": "愤怒骷髅怪",
		"BirdBlue": "冠蓝鸦",
		"BirdRed": "红雀",
		"Squirrel": "松鼠",
		"Zombie": "僵尸",
		"ChaosBall": "混沌球",
		"Mouse": "老鼠",
		"Raven": "乌鸦",
		"SlimeMasked": "史莱姆",
		"BunnySlimed": "兔兔",
		"HoppinJack": "弹跳杰克南瓜灯",
		"Scarecrow1": "稻草人",
		"Scarecrow2": "稻草人",
		"Scarecrow3": "稻草人",
		"Scarecrow4": "稻草人",
		"Scarecrow5": "稻草人",
		"AngryBones": "愤怒骷髅怪",
		"Scarecrow6": "稻草人",
		"Scarecrow7": "稻草人",
		"Scarecrow8": "稻草人",
		"Scarecrow9": "稻草人",
		"Scarecrow10": "稻草人",
		"HeadlessHorseman": "无头骑士",
		"Ghost": "鬼魂",
		"DemonEyeOwl": "恶魔眼",
		"DemonEyeSpaceship": "恶魔眼",
		"ZombieDoctor": "僵尸",
		"DarkCaster": "暗黑法师",
		"ZombieSuperman": "僵尸",
		"ZombiePixie": "僵尸",
		"SkeletonTopHat": "骷髅",
		"SkeletonAstonaut": "骷髅",
		"SkeletonAlien": "骷髅",
		"MourningWood": "哀木",
		"Splinterling": "树精",
		"Pumpking": "南瓜王",
		"PumpkingBlade": "南瓜王",
		"Hellhound": "地狱犬",
		"WaterSphere": "水球",
		"Poltergeist": "胡闹鬼",
		"ZombieXmas": "僵尸",
		"ZombieSweater": "僵尸",
		"SlimeRibbonWhite": "史莱姆",
		"SlimeRibbonYellow": "史莱姆",
		"SlimeRibbonGreen": "史莱姆",
		"SlimeRibbonRed": "史莱姆",
		"BunnyXmas": "兔兔",
		"ZombieElf": "僵尸精灵",
		"ZombieElfBeard": "僵尸精灵",
		"CursedSkull": "诅咒骷髅头",
		"ZombieElfGirl": "僵尸精灵",
		"PresentMimic": "礼物宝箱怪",
		"GingerbreadMan": "姜饼人",
		"Yeti": "雪兽",
		"Everscream": "常绿尖叫怪",
		"IceQueen": "冰雪女王",
		"SantaNK1": "圣诞坦克",
		"ElfCopter": "精灵直升机",
		"Nutcracker": "胡桃夹士",
		"NutcrackerSpinning": "胡桃夹士",
		"SkeletronHead": "骷髅王",
		"ElfArcher": "精灵弓箭手",
		"Krampus": "坎卜斯",
		"Flocko": "雪花怪",
		"Stylist": "发型师",
		"WebbedStylist": "织网发型师",
		"Firefly": "萤火虫",
		"Butterfly": "蝴蝶",
		"Worm": "蠕虫",
		"LightningBug": "荧光虫",
		"Snail": "蜗牛",
		"SkeletronHand": "骷髅王",
		"GlowingSnail": "发光蜗牛",
		"Frog": "青蛙",
		"Duck": "鸭",
		"Duck2": "鸭",
		"DuckWhite": "鸭",
		"DuckWhite2": "鸭",
		"ScorpionBlack": "蝎子",
		"Scorpion": "蝎子",
		"TravellingMerchant": "旅商",
		"Angler": "渔夫",
		"OldMan": "老人",
		"DukeFishron": "猪龙鱼公爵",
		"DetonatingBubble": "爆炸泡泡",
		"Sharkron": "鲨鱼龙",
		"Sharkron2": "鲨鱼龙",
		"TruffleWorm": "松露虫",
		"TruffleWormDigger": "松露虫",
		"SleepingAngler": "沉睡渔夫",
		"Grasshopper": "蚱蜢",
		"ChatteringTeethBomb": "嗒嗒牙齿炸弹",
		"CultistArcherBlue": "邪教徒弓箭手",
		"Demolitionist": "爆破专家",
		"CultistArcherWhite": "邪教徒弓箭手",
		"BrainScrambler": "扰脑怪",
		"RayGunner": "激光枪手",
		"MartianOfficer": "火星军官",
		"ForceBubble": "泡泡护盾",
		"GrayGrunt": "灰咕噜兽旗",
		"MartianEngineer": "火星工程师",
		"MartianTurret": "特斯拉炮塔",
		"MartianDrone": "火星飞船",
		"GigaZapper": "电击怪",
		"BoneSerpentHead": "骨蛇",
		"ScutlixRider": "鳞甲怪枪手",
		"Scutlix": "鳞甲怪",
		"EyeofCthulhu": "克苏鲁之眼",
		"BoneSerpentBody": "骨蛇",
		"BoneSerpentTail": "骨蛇",
		"SolarCrawltipedeHead": "千足蜈蚣",
		"SolarCrawltipedeBody": "千足蜈蚣",
		"SolarCrawltipedeTail": "千足蜈蚣",
		"SolarDrakomire": "火龙怪",
		"SolarDrakomireRider": "火龙怪骑士",
		"SolarSroller": "火滚怪",
		"SolarCorite": "流星火怪",
		"SolarSolenian": "火月怪",
		"Hornet": "黄蜂",
		"ManEater": "食人怪",
		"ArmedZombie": "僵尸",
		"ArmedZombieEskimo": "冰冻僵尸",
		"ArmedZombiePincussion": "僵尸",
		"ArmedZombieSlimed": "僵尸",
		"ArmedZombieSwamp": "僵尸",
		"ArmedZombieTwiggy": "僵尸",
		"ArmedZombieCenx": "僵尸",
		"UndeadMiner": "不死矿工",
		"GoldBird": "金鸟",
		"GoldBunny": "金兔",
		"GoldButterfly": "金蝴蝶",
		"GoldFrog": "金蛙",
		"GoldGrasshopper": "金蚱蜢",
		"GoldMouse": "金老鼠",
		"GoldWorm": "金蠕虫",
		"BoneThrowingSkeleton": "骷髅",
		"Tim": "蒂姆",
		"BoneThrowingSkeleton2": "骷髅",
		"BoneThrowingSkeleton3": "骷髅",
		"BoneThrowingSkeleton4": "骷髅",
		"Bunny": "兔兔",
		"CorruptBunny": "腐化兔",
		"Harpy": "鸟妖",
		"CaveBat": "洞穴蝙蝠",
		"ServantofCthulhu": "克苏鲁之仆",
		"KingSlime": "史莱姆王",
		"JungleBat": "丛林蝙蝠",
		"DoctorBones": "骷髅博士",
		"TheGroom": "僵尸新郎",
		"Clothier": "服装商",
		"Goldfish": "金鱼",
		"Snatcher": "抓人草",
		"CorruptGoldfish": "腐化金鱼",
		"Piranha": "食人鱼",
		"LavaSlime": "熔岩史莱姆",
		"EaterofSouls": "噬魂怪",
		"Hellbat": "地狱蝙蝠",
		"Vulture": "秃鹰",
		"Demon": "恶魔",
		"BlueJellyfish": "蓝水母",
		"PinkJellyfish": "粉水母",
		"Shark": "鲨鱼",
		"VoodooDemon": "巫毒恶魔",
		"Crab": "螃蟹",
		"DungeonGuardian": "地牢守卫",
		"Antlion": "蚁狮",
		"DevourerHead": "吞噬怪",
		"SpikeBall": "尖刺球",
		"DungeonSlime": "地牢史莱姆",
		"BlazingWheel": "烈焰火轮",
		"GoblinScout": "哥布林侦察兵",
		"Bird": "鸟",
		"Pixie": "妖精",
		"ArmoredSkeleton": "装甲骷髅",
		"Mummy": "木乃伊",
		"DarkMummy": "暗黑木乃伊",
		"DevourerBody": "吞噬怪",
		"LightMummy": "光明木乃伊",
		"CorruptSlime": "腐化史莱姆",
		"Wraith": "幻灵",
		"CursedHammer": "诅咒锤",
		"EnchantedSword": "附魔剑",
		"Mimic": "宝箱怪",
		"Unicorn": "独角兽",
		"WyvernHead": "飞龙",
		"WyvernLegs": "飞龙",
		"WyvernBody": "飞龙",
		"DevourerTail": "吞噬怪",
		"WyvernBody2": "飞龙",
		"WyvernBody3": "飞龙",
		"WyvernTail": "飞龙",
		"GiantBat": "巨型蝙蝠",
		"Corruptor": "腐化者",
		"DiggerHead": "挖掘怪",
		"DiggerBody": "挖掘怪",
		"DiggerTail": "挖掘怪",
		"SeekerHead": "吞世怪",
		"SeekerBody": "吞世怪",
		"AncientCultistSquidhead": "远古幻影妖",
		"AncientDoom": "远古噩运妖",
		"AncientLight": "远古光明妖",
		"BigMimicCorruption": "腐化宝箱怪",
		"BigMimicCrimson": "猩红宝箱怪",
		"BigMimicHallow": "神圣宝箱怪",
		"BigMimicJungle": "丛林宝箱怪",
		"BloodZombie": "血腥僵尸",
		"Buggy": "蚜虫",
		"Butcher": "屠夫",
		"Crawdad": "龙虾",
		"Crawdad2": "龙虾",
		"CreatureFromTheDeep": "水月怪",
		"CrimsonBunny": "毒兔兔",
		"CrimsonGoldfish": "毒金鱼",
		"CrimsonPenguin": "毒企鹅",
		"CultistBoss": "拜月教邪教徒",
		"CultistBossClone": "拜月教邪教徒",
		"CultistDevote": "拜月教忠教徒",
		"CultistDragonBody1": "幻影弓龙",
		"CultistDragonBody2": "幻影弓龙",
		"CultistDragonBody3": "幻影弓龙",
		"CultistDragonBody4": "幻影弓龙",
		"CultistDragonHead": "幻影弓龙",
		"CultistDragonTail": "幻影弓龙",
		"CultistTablet": "神秘碑牌",
		"DD2AttackerTest": "???",
		"DD2GoblinT3": "{$NPCName.DD2GoblinT1}",
		"DD2GoblinBomberT3": "{$NPCName.DD2GoblinBomberT1}",
		"DD2JavelinstT2": "{$NPCName.DD2JavelinstT1}",
		"DD2JavelinstT3": "{$NPCName.DD2JavelinstT1}",
		"DD2LanePortal": "神秘传送门",
		"DD2GoblinT2": "{$NPCName.DD2GoblinT1}",
		"DeadlySphere": "致命球",
		"DemonTaxCollector": "痛苦亡魂",
		"DesertBeast": "蛇蜥怪",
		"DesertDjinn": "沙漠幽魂",
		"DesertGhoul": "食尸鬼",
		"DesertGhoulCorruption": "腐恶食尸鬼",
		"DesertGhoulCrimson": "红染食尸鬼",
		"DesertGhoulHallow": "神梦食尸鬼",
		"DesertLamiaDark": "拉弥亚",
		"DesertLamiaLight": "拉弥亚",
		"DesertScorpionWalk": "沙贼",
		"DesertScorpionWall": "沙贼",
		"Drippler": "滴滴怪",
		"DrManFly": "飞人博士",
		"DuneSplicerBody": "沙虫",
		"DuneSplicerHead": "沙虫",
		"DuneSplicerTail": "沙虫",
		"EnchantedNightcrawler": "附魔夜行者",
		"GiantFlyingAntlion": "巨型蚁狮蜂",
		"Fritz": "弗里茨",
		"GiantShelly": "巨型卷壳怪",
		"GiantShelly2": "巨型卷壳怪",
		"GoblinSummoner": "哥布林召唤师",
		"GraniteFlyer": "花岗精",
		"GraniteGolem": "花岗岩巨人",
		"GreekSkeleton": "装甲步兵",
		"Grubby": "蛆虫",
		"LunarTowerNebula": "星云柱",
		"LunarTowerSolar": "日耀柱",
		"LunarTowerStardust": "星尘柱",
		"LunarTowerVortex": "星旋柱",
		"MartianProbe": "火星探测器",
		"MartianSaucer": "火星飞碟",
		"MartianSaucerCannon": "火星飞碟炮",
		"MartianSaucerCore": "火星飞碟",
		"MartianSaucerTurret": "火星飞碟炮塔",
		"MartianWalker": "火星走妖",
		"Medusa": "蛇发女妖",
		"MoonLordCore": "月亮领主心脏",
		"MoonLordHand": "月亮领主手",
		"MoonLordHead": "月亮领主",
		"Mothron": "蛾怪",
		"MothronEgg": "蛾怪蛋",
		"MothronSpawn": "蛾怪宝宝",
		"Nailhead": "钉头",
		"NebulaBeast": "进化兽",
		"NebulaBrain": "星云浮怪",
		"NebulaHeadcrab": "吮脑怪",
		"NebulaSoldier": "预言帝",
		"PartyBunny": "兔兔",
		"Psycho": "变态人",
		"Salamander": "蝾螈",
		"Salamander2": "蝾螈",
		"Salamander3": "蝾螈",
		"Salamander4": "蝾螈",
		"Salamander5": "蝾螈",
		"Salamander6": "蝾螈",
		"Salamander7": "蝾螈",
		"Salamander8": "蝾螈",
		"Salamander9": "蝾螈",
		"SandElemental": "沙尘精",
		"SandShark": "沙鲨",
		"SandsharkCorrupt": "噬骨沙鲨",
		"SandsharkCrimson": "戮血沙鲨",
		"SandsharkHallow": "晶狐沙鲨",
		"SandSlime": "沙史莱姆",
		"ShadowFlameApparition": "暗影焰幻鬼",
		"SlimeSpiked": "尖刺史莱姆",
		"Sluggy": "鼻涕虫",
		"SolarFlare": "耀斑",
		"SolarGoop": "日耀碎片",
		"SolarSpearman": "火龙战士",
		"SquirrelGold": "金松鼠",
		"SquirrelRed": "红松鼠",
		"StardustCellBig": "星细胞",
		"StardustCellSmall": "星细胞",
		"StardustJellyfishBig": "流体入侵怪",
		"StardustSoldier": "观星怪",
		"StardustSpiderBig": "闪耀炮手",
		"StardustSpiderSmall": "闪耀怪",
		"StardustWormHead": "银河织妖",
		"TargetDummy": "傀儡",
		"TaxCollector": "税收官",
		"TheBride": "新娘",
		"ThePossessed": "攀爬魔",
		"TombCrawlerBody": "墓穴爬虫",
		"TombCrawlerHead": "墓穴爬虫",
		"TombCrawlerTail": "墓穴爬虫",
		"Tumbleweed": "愤怒翻滚怪",
		"VortexHornet": "异星黄蜂",
		"VortexHornetQueen": "异星蜂王",
		"VortexLarva": "异星幼虫",
		"VortexRifleman": "漩泥怪",
		"VortexSoldier": "星旋怪",
		"GiantWalkingAntlion": "巨型蚁狮马",
		"DD2GoblinBomberT2": "{$NPCName.DD2GoblinBomberT1}",
		"DD2WyvernT3": "{$NPCName.DD2WyvernT1}",
		"DD2WyvernT2": "{$NPCName.DD2WyvernT1}",
		"DD2OgreT3": "{$NPCName.DD2OgreT2}",
		"DD2WitherBeastT3": "{$NPCName.DD2WitherBeastT2}",
		"DD2SkeletonT3": "{$NPCName.DD2SkeletonT1}",
		"DD2KoboldWalkerT3": "{$NPCName.DD2KoboldWalkerT2}",
		"DD2DrakinT3": "{$NPCName.DD2DrakinT2}",
		"DD2DarkMageT3": "{$NPCName.DD2DarkMageT1}",
		"DD2KoboldFlyerT3": "{$NPCName.DD2KoboldFlyerT2}",
		"BabySlime": "史莱姆宝宝",
		"BigRainZombie": "僵尸",
		"BlackSlime": "黑史莱姆",
		"DD2Bartender": "酒馆老板",
		"DD2Betsy": "双足翼龙",
		"DD2DarkMageT1": "黑暗魔法师",
		"DD2DrakinT2": "德拉克龙",
		"DD2EterniaCrystal": "埃特尼亚水晶",
		"DD2GoblinBomberT1": "天国哥布林投弹手",
		"DD2GoblinT1": "天国哥布林",
		"DD2JavelinstT1": "天国标枪投掷怪",
		"DD2KoboldFlyerT2": "小妖魔滑翔怪",
		"DD2KoboldWalkerT2": "小妖魔",
		"DD2LightningBugT3": "天国荧光虫",
		"DD2OgreT2": "食人魔",
		"DD2SkeletonT1": "撒旦骷髅",
		"DD2WitherBeastT2": "枯萎兽",
		"DD2WyvernT1": "天国飞龙",
		"GreenSlime": "绿史莱姆",
		"JungleSlime": "丛林史莱姆",
		"Pinky": "粉史莱姆",
		"PurpleSlime": "紫史莱姆",
		"RedSlime": "红史莱姆",
		"Slimeling": "小史莱姆",
		"Slimer2": "恶翅史莱姆",
		"SmallRainZombie": "僵尸",
		"YellowSlime": "黄史莱姆",
		"MoonLordFreeEye": "克苏鲁真眼",
		"MoonLordLeechBlob": "月蛭凝块",
		"SkeletonMerchant": "骷髅商人",
		"PirateShip": "荷兰飞盗船",
		"PirateShipCannon": "荷兰大炮",
		"BartenderUnconscious": "昏迷男子",
		"Princess": "公主",
		"TorchGod": "火把神",
		"ArmedTorchZombie": "僵尸",
		"BestiaryGirl": "动物学家",
		"BlackDragonfly": "蜻蜓",
		"BloodEelBody": "血鳗鱼",
		"BloodEelHead": "血鳗鱼",
		"BloodEelTail": "血鳗鱼",
		"BloodMummy": "血木乃伊",
		"BloodNautilus": "恐惧鹦鹉螺",
		"BloodSquid": "血乌贼",
		"BlueDragonfly": "蜻蜓",
		"Dandelion": "愤怒蒲公英",
		"Dolphin": "海豚",
		"EmpressButterfly": "七彩草蛉",
		"ExplosiveBunny": "爆炸兔",
		"EyeballFlyingFish": "游荡眼球怪鱼",
		"FairyCritterBlue": "蓝仙灵",
		"FairyCritterGreen": "绿仙灵",
		"FairyCritterPink": "粉仙灵",
		"FlyingAntlion": "蚁狮蜂",
		"GemBunnyAmber": "琥珀兔兔",
		"GemBunnyAmethyst": "紫晶兔兔",
		"GemBunnyDiamond": "钻石兔兔",
		"GemBunnyEmerald": "翡翠兔兔",
		"GemBunnyRuby": "红玉兔兔",
		"GemBunnySapphire": "蓝玉兔兔",
		"GemBunnyTopaz": "黄玉兔兔",
		"GemSquirrelAmber": "琥珀松鼠",
		"GemSquirrelAmethyst": "紫晶松鼠",
		"GemSquirrelDiamond": "钻石松鼠",
		"GemSquirrelEmerald": "翡翠松鼠",
		"GemSquirrelRuby": "红玉松鼠",
		"GemSquirrelSapphire": "蓝玉松鼠",
		"GemSquirrelTopaz": "黄玉松鼠",
		"Gnome": "侏儒",
		"GoblinShark": "血浆哥布林鲨鱼",
		"GoldDragonfly": "金蜻蜓",
		"GoldGoldfish": "金金鱼",
		"GoldGoldfishWalker": "金金鱼",
		"GoldLadyBug": "金瓢虫",
		"GoldSeahorse": "金海马",
		"GoldWaterStrider": "金水黾",
		"Golfer": "高尔夫球手",
		"GolferRescue": "高尔夫球手",
		"Grebe": "䴙䴘",
		"Grebe2": "䴙䴘",
		"GreenDragonfly": "蜻蜓",
		"HallowBoss": "光之女皇",
		"HellButterfly": "地狱蝴蝶",
		"IceMimic": "冰雪宝箱怪",
		"LadyBug": "瓢虫",
		"LarvaeAntlion": "蚁狮幼虫",
		"Lavafly": "熔岩蝇",
		"Maggot": "蝇蛆",
		"MaggotZombie": "蝇蛆僵尸",
		"MagmaSnail": "岩浆蜗牛",
		"OrangeDragonfly": "蜻蜓",
		"Owl": "猫头鹰",
		"PirateGhost": "海盗诅咒",
		"Pupfish": "鳉鱼",
		"QueenSlimeBoss": "史莱姆皇后",
		"QueenSlimeMinionBlue": "水晶史莱姆",
		"QueenSlimeMinionPink": "弹力史莱姆",
		"QueenSlimeMinionPurple": "飞翔史莱姆",
		"Rat": "大鼠",
		"RedDragonfly": "蜻蜓",
		"RockGolem": "岩石巨人",
		"Seagull": "海鸥",
		"Seagull2": "海鸥",
		"Seahorse": "海马",
		"SeaTurtle": "海龟",
		"SporeBat": "孢子蝙蝠",
		"SporeSkeleton": "孢子骷髅",
		"TorchZombie": "僵尸",
		"TownBunny": "兔兔",
		"TownCat": "猫咪",
		"TownDog": "狗狗",
		"Turtle": "龟",
		"TurtleJungle": "丛林龟",
		"WalkingAntlion": "蚁狮马",
		"WaterStrider": "水黾",
		"WindyBalloon": "大风气球怪",
		"YellowDragonfly": "蜻蜓",
		"ZombieMerman": "僵尸人鱼",
		"ChaosBallTim": "{$NPCName.ChaosBall}",
		"VileSpitEaterOfWorlds": "{$NPCName.VileSpit}",
		"GoldenSlime": "金色史莱姆",
		"Deerclops": "鹿角怪",
		"DeerclopsLeg": "鹿角怪腿"
	}
}