{
	"LegacyWorldGen": {
		"0": "Generating world terrain",
		"10": "Generating surface caves",
		"11": "Generating jungle",
		"12": "Generating floating islands",
		"13": "Adding mushroom patches",
		"14": "Placing mud in the dirt",
		"15": "Adding silt",
		"16": "Adding shinies",
		"17": "Adding webs",
		"18": "Creating underworld",
		"19": "Adding water bodies",
		"1": "Adding sand",
		"20": "Making the world evil",
		"21": "Generating mountain caves",
		"22": "Creating beaches",
		"23": "Adding gems",
		"24": "Gravitating sand",
		"25": "Cleaning up dirt backgrounds",
		"26": "Placing altars",
		"27": "Settling liquids",
		"28": "Placing life crystals",
		"29": "Placing statues",
		"2": "Generating hills",
		"30": "Hiding treasure",
		"31": "Hiding more treasure",
		"32": "Hiding jungle treasure",
		"33": "Hiding water treasure",
		"34": "Placing traps",
		"35": "Placing breakables",
		"36": "Placing hellforges",
		"37": "Spreading grass",
		"38": "Growing cacti",
		"39": "Planting sunflowers",
		"3": "Putting dirt behind dirt",
		"40": "Planting trees",
		"41": "Planting herbs",
		"42": "Planting weeds",
		"43": "Growing vines",
		"44": "Planting flowers",
		"45": "Planting mushrooms",
		"46": "Freeing unused resources",
		"47": "Resetting game objects",
		"48": "Setting hard mode",
		"49": "Saving world data:",
		"4": "Placing rocks in the dirt",
		"50": "Backing up world file",
		"51": "Loading world data:",
		"52": "Checking tile alignment:",
		"53": "Load failed!",
		"54": "No backup found.",
		"55": "Finding tile frames:",
		"56": "Adding snow",
		"57": "World",
		"58": "Creating dungeon",
		"59": "A meteorite has landed!",
		"5": "Placing dirt in the rocks",
		"60": "Smoothing the world",
		"61": "Mossification",
		"62": "Gemification",
		"63": "Making cave walls",
		"64": "Growing spider caves",
		"65": "Clearing map data:",
		"66": "Saving map data:",
		"67": "Loading map data:",
		"68": "Drawing map:",
		"69": "Creating waterfalls",
		"6": "Adding clay",
		"70": "Creating jungle ruins",
		"71": "Creating hornet nests",
		"72": "Making the world bloody",
		"73": "Validating world save:",
		"74": "Slime is falling from the sky!",
		"75": "Slime has stopped falling from the sky.",
		"76": "Generating structures",
		"77": "Adding more grass",
		"78": "Desertification",
		"79": "Weathering caverns",
		"7": "Making random holes",
		"80": "Chiseling marble",
		"81": "Growing granite",
		"8": "Generating small caves",
		"9": "Generating large caves",
		"82": "Disarming broken traps",
		"83": "Growing rich mahogany",
		"84": "Clean up",
		"85": "Felling trees",
		"86": "Final clean up",
		"87": "Finalizing world",
		"88": "Growing water plants",
		"89": "Placing objects",
		"90": "Forming the depths",
	},
	"LegacyDialog": {
		"1": "I hope a scrawny kid like you isn't all that is standing between us and Cthulhu's Eye.",
		"10": "Check out my dirt blocks; they are extra dirty.",
		"100": "Why purify the world when you can just blow it up?",
		"101": "If you throw this one in the bathtub and close all the windows, it'll clear your sinuses and pop your ears!",
		"102": "Wanna play Fuse Chicken?",
		"103": "Hey, could you sign this Griefing Waiver?",
		"104": "NO SMOKING IN HERE!!",
		"105": "Explosives are da' bomb these days.  Buy some now!",
		"106": "It's a good day to die!",
		"107": "I wonder what happens if I... (BOOM!)... Oh, sorry, did you need that leg?",
		"108": "Dynamite, my own special cure-all for what ails ya.",
		"109": "Check out my goods; they have explosive prices!",
		"11": "Boy, that sun is hot! I do have some perfectly ventilated armor.",
		"110": "I keep having vague memories of tying up a woman and throwing her in a dungeon.",
		"111": "... we have a problem! It's a Blood Moon out there!",
		"112": "T'were I younger, I would ask {Nurse} out. I used to be quite the lady killer.",
		"113": "That Red Hat of yours looks familiar...",
		"114": "Thanks again for freeing me from my curse. Felt like something jumped up and bit me.",
		"115": "Mama always said I would make a great tailor.",
		"116": "Life's like a box of clothes; you never know what you are gonna wear!",
		"117": "Of course embroidery is hard! If it wasn't hard, no one would do it! That's what makes it great.",
		"118": "I know everything they is to know about the clothierin' business.",
		"119": "Being cursed was lonely, so I once made a friend out of leather. I named him Wilson.",
		"12": "The sun is high, but my prices are not.",
		"120": "Thank you for freeing me, human.  I was tied up and left here by the other goblins.  You could say that we didn't get along very well.",
		"121": "I can't believe they tied me up and left me here just for pointing out that they weren't going east!",
		"122": "Now that I'm an outcast, can I throw away the spiked balls? My pockets hurt.",
		"123": "Looking for a gadgets expert? I'm your goblin!",
		"124": "Thanks for your help. Now, I have to finish pacing around aimlessly here. I'm sure we'll meet again.",
		"125": "I thought you'd be taller.",
		"126": "Hey...what's {Mechanic} up to? Have you...have you talked to her, by chance?",
		"127": "Hey, does your hat need a motor? I think I have a motor that would fit exactly in that hat.",
		"128": "Yo, I heard you like rockets and running boots, so I put some rockets in your running boots.",
		"129": "Silence is golden. Duct tape is silver.",
		"13": "Oh, great. I can hear {Mechanic} and {Nurse} arguing from here.",
		"130": "YES, gold is stronger than iron. What are they teaching these humans nowadays?",
		"131": "You know, that mining helmet-flipper combination was a much better idea on paper.",
		"132": "Goblins are surprisingly easy to anger. In fact, they could start a war over cloth!",
		"133": "To be honest, most goblins aren't exactly rocket scientists. Well, some are.",
		"134": "Do you know why we all carry around these spiked balls? Because I don't.",
		"135": "I just finished my newest creation! This version doesn't explode violently if you breathe on it too hard.",
		"136": "Goblin thieves aren't very good at their job. They can't even steal from an unlocked chest!",
		"137": "Thanks for saving me, friend!  This bondage was starting to chafe.",
		"138": "Ohh, my hero!",
		"139": "Oh, how heroic! Thank you for saving me, young lady!",
		"14": "Have you seen Chith...Shith.. Chat... The big eye?",
		"140": "Oh, how heroic! Thank you for saving me, young man!",
		"141": "Now that we know each other, I can move in with you, right?",
		"142": "Well, hi there, {Guide}! What can I do for you today?",
		"143": "Well, hi there, {Demolitionist}! What can I do for you today?",
		"144": "Well, hi there, {GoblinTinkerer}! What can I do for you today?",
		"145": "Well, hi there, {Nurse}! What can I do for you today?",
		"146": "Well, hi there, {Mechanic}! What can I do for you today?",
		"147": "Well, hi there, {Dryad}! What can I do for you today?",
		"148": "Want me to pull a coin from behind your ear? No? Ok.",
		"149": "Do you want some magic candy? No? Ok.",
		"15": "Hey, this house is secure, right? Right? {PlayerName}?",
		"150": "I make a rather enchanting hot chocolate if you'd be inter...No? Ok.",
		"151": "Are you here for a peek at my crystal ball?",
		"152": "Ever wanted an enchanted ring that turns rocks into slimes? Well neither did I.",
		"153": "Someone once told me friendship is magic. That's ridiculous. You can't turn people into frogs with friendship.",
		"154": "I can see your future now... You will buy a lot of items from me!",
		"155": "I once tried to bring an Angel Statue to life. It didn't do anything.",
		"156": "Thanks!  It was just a matter of time before I ended up like the rest of the skeletons down here.",
		"157": "Hey, watch where you're going! I was over there a little while ago!",
		"158": "Hold on, I've almost got wifi going down here.",
		"159": "But I was almost done putting blinking lights up here!",
		"16": "Not even a Blood Moon can stop capitalism. Let's do some business.",
		"160": "DON'T MOVE. I DROPPED MY CONTACT.",
		"161": "All I want is for the switch to make the... What?!",
		"162": "Oh, let me guess. Didn't buy enough wire. Idiot.",
		"163": "Just-could you just... Please? Ok? Ok. Ugh.",
		"164": "I don't appreciate the way you're looking at me. I am WORKING right now.",
		"165": "Hey, {PlayerName}, did you just come from {GoblinTinkerer}'s? Did he say anything about me by chance?",
		"166": "{ArmsDealer} keeps talking about pressing my pressure plate. I told him it was for stepping on.",
		"167": "Always buy more wire than you need!",
		"168": "Did you make sure your device was plugged in?",
		"169": "Oh, you know what this house needs? More blinking lights.",
		"17": "Keep your eye on the prize, buy a lens!",
		"170": "You can tell a Blood Moon is out when the sky turns red. There is something about it that causes monsters to swarm.",
		"171": "Hey, buddy, do you know where any deathweed is? Oh, no reason; just wondering, is all.",
		"172": "If you were to look up, you'd see that the moon is red right now.",
		"173": "You should stay indoors at night. It is very dangerous to be wandering around in the dark.",
		"174": "Greetings, {PlayerName}. Is there something I can help you with?",
		"175": "I am here to give you advice on what to do next.  It is recommended that you talk with me anytime you get stuck.",
		"176": "They say there is a person who will tell you how to survive in this land... oh wait. That's me.",
		"177": "You can use your pickaxe to dig through dirt, and your axe to chop down trees. Just place your cursor over the tile and click!",
		"178": "If you want to survive, you will need to create weapons and shelter. Start by chopping down trees and gathering wood.",
		"179": "Press {InventoryKey} to access your crafting menu. When you have enough wood, create a workbench. This will allow you to create more complicated things, as long as you are standing close to it.",
		"18": "Kosh, kapleck Mog. Oh sorry, that's klingon for 'Buy something or die.'",
		"180": "You can build a shelter by placing wood or other blocks in the world. Don't forget to create and place walls.",
		"181": "Once you have a wooden sword, you might try to gather some gel from the slimes. Combine wood and gel to make a torch!",
		"182": "To interact with backgrounds, use a hammer!",
		"183": "You should do some mining to find metal ore. You can craft very useful things with it.",
		"184": "Now that you have some ore, you will need to turn it into a bar in order to make items with it. This requires a furnace!",
		"185": "You can create a furnace out of torches, wood, and stone. Make sure you are standing near a work bench.",
		"186": "You will need an anvil to make most things out of metal bars.",
		"187": "Anvils can be crafted out of iron or lead, or purchased from a merchant.",
		"188": "Underground are crystal hearts which can be used to increase your max life. You can smash them with a pickaxe.",
		"189": "If you gather 5 fallen stars, they can be combined to create an item that will increase your magic capacity.",
		"19": "{PlayerName} is it? I've heard good things, friend!",
		"190": "Stars fall all over the world at night. They can be used for all sorts of useful things. If you see one, be sure to grab it because they disappear after sunrise.",
		"191": "There are many different ways you can attract people to move in to our town. They will of course need a home to live in.",
		"192": "In order for a room to be considered a home, it needs to have a door, a chair, a table, and a light source.  Make sure the house has walls as well.",
		"193": "Two people will not live in the same home. Also, if their home is destroyed, they will look for a new place to live.",
		"194": "You can use the housing interface to assign and view housing. Open your inventory and click the house icon.",
		"195": "If you want a merchant to move in, you will need to gather plenty of money. 50 silver coins should do the trick!",
		"196": "For a nurse to move in, you might want to increase your maximum life.",
		"197": "If you had a gun, I bet an arms dealer might show up to sell you some ammo!",
		"198": "You should prove yourself by defeating a strong monster. That will get the attention of a dryad.",
		"199": "Make sure to explore the dungeon thoroughly. There may be prisoners held deep within.",
		"2": "Look at that shoddy armor you're wearing. Better buy some more healing potions.",
		"20": "I hear there's a secret treasure... oh never mind.",
		"200": "Perhaps the old man by the dungeon would like to join us now that his curse has been lifted.",
		"201": "Hang on to any bombs you might find. A demolitionist may want to have a look at them.",
		"202": "Are goblins really so different from us that we couldn't live together peacefully?",
		"203": "I heard there was a powerful wizard who lives in these parts.  Make sure to keep an eye out for him next time you go underground.",
		"204": "If you combine lenses at a demon altar, you might be able to find a way to summon a powerful monster. You will want to wait until night before using it, though.",
		"205": "You can create worm bait with rotten chunks and vile powder. Make sure you are in a corrupt area before using it.",
		"206": "Demonic altars can usually be found in the corruption. You will need to be near them to craft some items.",
		"207": "You can make a grappling hook from a hook and 3 chains. Skeletons found deep underground usually carry hooks, and chains can be made from iron bars or lead bars.",
		"208": "If you see a pot, be sure to smash it open. They contain all sorts of useful supplies.",
		"209": "There is treasure hidden all over the world. Some amazing things can be found deep underground!",
		"21": "Angel Statue you say? I'm sorry, I'm not a junk dealer.",
		"210": "Smashing a shadow orb will sometimes cause a meteor to fall out of the sky. Shadow orbs can usually be found in the chasms around corrupt areas.",
		"211": "You should focus on gathering more life crystals to increase your maximum life.",
		"212": "Your current equipment simply won't do. You need to make better armor.",
		"213": "I think you are ready for your first major battle. Gather some lenses from the eyeballs at night and take them to a demon altar.",
		"214": "You will want to increase your life before facing your next challenge. Fifteen hearts should be enough.",
		"215": "The ebonstone in the corruption can be purified using some powder from a dryad, or it can be destroyed with explosives.",
		"216": "Your next step should be to explore the corrupt chasms.  Destroy any shadow orb you find.",
		"217": "There is an old dungeon not far from here. Now would be a good time to go check it out.",
		"218": "You should make an attempt to max out your available life. Try to gather twenty hearts.",
		"219": "There are many treasures to be discovered in the jungle, if you are willing to dig deep enough.",
		"22": "The last guy who was here left me some junk... er I mean... treasures!",
		"220": "The underworld is made of a material called hellstone. It's perfect for making weapons and armor.",
		"221": "When you are ready to challenge the keeper of the underworld, you will have to make a living sacrifice. Everything you need for it can be found in the underworld.",
		"222": "Make sure to smash any demon altar you can find. Something good is bound to happen if you do!",
		"223": "Souls can sometimes be gathered from fallen creatures in places of extreme light or dark.",
		"224": "Ho ho ho, and a bottle of... Egg Nog!",
		"225": "Care to bake me some cookies?",
		"226": "What? You thought I wasn't real?",
		"227": "I managed to sew your face back on. Be more careful next time.",
		"228": "That's probably going to leave a scar.",
		"229": "All better. I don't want to see you jumping off anymore cliffs.",
		"23": "I wonder if the moon is made of cheese...huh, what? Oh yes, buy something!",
		"230": "That didn't hurt too bad, now did it?",
		"231": "As if living underground wasn't bad enough, jerks like you come in while I'm sleeping and steal my children.",
		"232": "Between you and me, {Dryad} is the only one I trust. She is the only one here who hasn't tried to eat me or use me in a potion.",
		"233": "I tried to lick myself the other day to see what the big deal was, everything started glowing blue.",
		"234": "Everytime I see the color blue, it makes me depressed and lazy.",
		"235": "You haven't seen any pigs around here have you? My brother lost his leg to one.",
		"236": "Everyone in this town feels a bit off. I woke up to the clothier chewing on my foot last night.",
		"237": "I'll give you a discount on your wears if you can convince {Truffle} to come over for a...sizing.",
		"238": "I feel like {Truffle} is a bit misunderstood, he really is a fun guy.",
		"24": "Did you say gold?  I'll take that off of ya.",
		"240": "I don't know the 'Truffle Shuffle,' so stop asking!",
		"241": "There's been such a huge rumor that's being spread about me, 'If you can't beat him, eat him!'",
		"242": "Oy, whatchu got in you jiminy fluffer?",
		"243": "Should I become an air pirate? I've considered becoming an air pirate.",
		"244": "Be it what it would, a jetpack would suit you nicely!",
		"245": "I'm feeling a bit peevish as of late, so enough with your palaver you ragamuffin!",
		"246": "I'm mighty curious about that {Cyborg} fellow. By what manner of consumption does he maintain such locomotion?",
		"247": "That captain fellow seems to me to be 'pretty well over the bay' if you know what I mean!",
		"248": "Show me some gears!",
		"249": "I like your... gear. Does it come in brass?",
		"25": "You better not get blood on me.",
		"250": "Once you enter hallowed land, you will see a rainbow in the sky. I can help you with painting that if you want.",
		"251": "Check out {PartyGirl}. Now that's a girl who can paint the town red!",
		"252": "I know the difference between turquoise and blue-green. But I won't tell you.",
		"253": "I'm all out of titanium white, so don't even ask.",
		"254": "Try swirly pink and purple, it works, I swear!",
		"255": "No, no, no... There's TONS of different grays! Don't get me started...",
		"256": "I hope it doesn't rain again until this paint dries. That would be a disaster!",
		"257": "I bring you the richest colors in exchange for your riches!",
		"258": "My dear, what you're wearing is much too drab. You absolutely must take a lesson in dyeing your tired attire!",
		"259": "The only kind of wood I would bother dyeing is RICH Mahogany. Dyeing any other wood is such a waste.",
		"26": "Hurry up and stop bleeding.",
		"260": "You must do something about {Pirate}.  Everytime he comes over here, it takes me a week to get the smell off!",
		"261": "Which doctor am I? The Witch Doctor am I.",
		"262": "The heart of magic is nature. The nature of hearts is magic.",
		"263": "{Nurse} may help heal your body, but I can make you embody healing.",
		"264": "Choose wisely, {PlayerName}, my commodities are volatile and my dark arts, mysterious.",
		"265": "We have to talk. It's... it's about parties.",
		"266": "I can't decide what I like more: parties, or after-parties.",
		"267": "We should set up a blinkroot party, and we should also set up an after-party.",
		"268": "Wow, {PlayerName}, meeting an adventurous man like you makes me want to party!",
		"269": "Put up a disco ball and then I'll show you how to party.",
		"27": "If you're going to die, do it outside.",
		"270": "I went to Sweden once, they party hard, why aren't you like that?",
		"271": "My name's {PartyGirl} but people call me party pooper. Yeah I don't know, it sounds cool though.",
		"272": "Do you party? Sometimes? Hm, okay then we can talk...",
		"273": "I'm no landlubber, but it's better to have lubbed and lost than never to have lubbed at all.",
		"274": "Yo ho ho and a bottle of....blinkroots!",
		"275": "YAR!  Funny ye should be mentionin' parrots b'cause...um...What t'were we talkin' 'bout?",
		"276": "{PlayerName}, Ye be one o' the finest lookin' lassies this here captain's seen in many a fortnight!",
		"277": "Stay off me booty, ya scallywag!",
		"278": "What in blazes are ye talkin' about? Moby Dick is mine!",
		"279": "*Yarr Blarr Harrdarr*",
		"28": "What is that supposed to mean?!",
		"280": "And then Unit 492-8 said, 'Who do you think I am, Unit 472-6?' HA. HA. HA.",
		"281": "My expedition efficiency was critically reduced when a projectile impacted my locomotive actuator.",
		"282": "This sentence is false, or is it?",
		"283": "So that 'punk' lookin' chick is an inventor, eh? I think I could show her a thing or two!",
		"284": "Sure, me and {Pirate} are pals, but I hate it when his parrot does his business on me. That stuff's corrosive!",
		"285": "I built myself a taste mechanism, so I can drink some ale!",
		"286": "Sometimes I come off a bit... Get it? a bit?",
		"287": "Short back and sides' is it?",
		"288": "Those highlights really bring out your eyes!",
		"289": "My hands are sticky from all that... wax.",
		"29": "I don't think I like your tone.",
		"290": "Tea? Coffee? Or is it just orange juice again?",
		"291": "Doll, we seriously need to fix those split ends.",
		"292": "Gurrllll! You are my favorite gossip ever.",
		"293": "Which aftershave can I interest you in today, sir?",
		"294": "Sit down for a second and I'll have you steppin' razor.",
		"295": "Either you have style, or you get styled.",
		"296": "For you I think we'll do something... low maintenance.",
		"297": "I tried using one of the Dye Master's products once. Ends fried. Disaster.",
		"298": "Oh you poor, poor thing. Just... just sit down here. It'll be okay. Shhhh.",
		"299": "Check my fresh.",
		"3": "I feel like an evil presence is watching me.",
		"30": "Why are you even here? If you aren't bleeding, you don't need to be here. Get out.",
		"300": "Hello sir, I'm {Stylist}, and I'll be your barber today.",
		"301": "Just a little off the top?  That's no fun...",
		"302": "I hope you like what I did to {PartyGirl}'s hair!",
		"303": "There is nothing I can do for {Demolitionist}'s singed head. He's a lost cause.",
		"304": "Tipping IS optional, but remember I have access to scissors and your head.",
		"305": "This is a cut-throat razor by the way.",
		"306": "You better stay outta my hair tonight, hun. I just sharpened my scissors, and I'm looking for an excuse to use them!",
		"307": "Mhmm, I heard from {PartyGirl} that {Mechanic}'s friend {Nurse} spent her boyfriend's last paycheck on shoes.",
		"308": "One time I put a wig on {Cyborg} just so I could cut his hair. I think he kinda liked it!",
		"309": "I tried to visit {Stylist} one time. She just looked at me and said 'nope.'",
		"31": "WHAT?!",
		"310": "I think it is about time I got my hair did!",
		"311": "Did you even try to brush your hair today?",
		"312": "So a pixie cut, would you like to keep some lady burns?",
		"313": "I have no problem cleaning up ears and eyebrows, but I draw the line at nose hair.",
		"314": "Alright, you sit and marinate. I'll be back to rinse your color out in 25 minutes...",
		"315": "Thanks hun! Now I can finally do my hair.",
		"316": "I would have given you a free cut if you'd come earlier.",
		"317": "Don't go exploring with scissors, they said. You won't get trapped in a spider's web, they said!",
		"318": "Ew, my hair, there's spider web all over it!",
		"319": "Meet me behind {Guide}'s house in about three hours, I think I have something you will find very appealing.",
		"32": "Have you seen that old man pacing around the dungeon? He looks troubled.",
		"320": "That {Merchant}, he really has no appreciation for a really good deal.",
		"321": "I sell only what I can get. {Clothier} keeps hounding me for exotic clothing.",
		"322": "Hmm, you look like you could use an Angel Statue! They slice, and dice, and make everything nice!",
		"323": "I don't refund for \"buyer's remorse...\" Or for any other reason, really.",
		"324": "Buy now and get free shipping!",
		"325": "I sell wares from places that might not even exist!",
		"326": "You want two penny farthings!? Make it one and we have a deal.",
		"327": "Combination hookah and coffee maker! Also makes julienne fries!",
		"328": "Come and have a look! One pound fish! Very, very good! One pound fish!",
		"329": "If you're looking for junk, you've come to the wrong place.",
		"33": "I wish {Demolitionist} would be more careful.  I'm getting tired of having to sew his limbs back on every day.",
		"330": "A thrift shop?  No, I am only selling the highest quality items on the market.",
		"331": "Smashing a crimson heart will sometimes cause a meteor to fall out of the sky. Crimson hearts can usually be found in the chasms around crimtane areas.",
		"332": "Have you tried using purification powder on the crimstone of the crimson?",
		"333": "You must cleanse the world of this crimson.",
		"334": "Psst! I might have a job for you. Don't think you can say no, either!",
		"335": "I want a fish and you're going to find me one! Ask me about it!",
		"336": "Hey! Just the sacrifi- I mean competent fishing master that I've been looking for! ",
		"337": "{Angler} wants YOU as the official {WorldName} errand monkey!",
		"338": "Whaaaat?! Can't you see I'm winding up fishing line??",
		"339": "I have enough fish! I don't need your help right now!",
		"34": "Hey, has {ArmsDealer} mentioned needing to go to the doctor for any reason? Just wondering.",
		"340": "There's no chefs in all of {WorldName}, so I have to cook all this fish myself! ",
		"341": "Hey! Watch it! I'm setting up traps for my biggest prank ever! No one will see it coming! Don't you dare tell anyone!",
		"342": "Let a kid give you some advice, never touch your tongue to an ice block! Wait, forget what I said, I totally want to see you do it!",
		"343": "Ever heard of a barking fish?! I haven't, I'm just wondering if you did!",
		"344": "{WorldName} is filled to the brim with the most outlandish kinds of fish!",
		"345": "I'm bummed out! There's probably been fish that have gone extinct before I even was born, and that's not fair!",
		"346": "I don't have a mommy or a daddy, but I have a lot of fish! It's close enough!",
		"347": "Heh heh, you shoulda seen the look on {Dryad}'s face when I stuck that piranha tooth in the chair!",
		"348": "I have a request for you! No, I don't care that there's a zombie apocalypse right now!",
		"349": "Hurry up and listen! I need you to catch something for me right now!",
		"35": "I need to have a serious talk with {Guide}. How many times a week can you come in with severe lava burns?",
		"350": "I hate Blood Moons! I stay up all night because of all the scary noises!",
		"351": "Blood Moon is the worst time to fish! The fish bite, yes, but so do the zombies!",
		"352": "There's a bajillion monsters running around out there right now!",
		"353": "Thanks, I guess, for saving me or whatever. You'd be a great helper minion!",
		"354": "Wha? Who might you be? I totally wasn't just drowning or anything!",
		"355": "You saved me! You're awful nice, I could use you... er, I mean, totally hire you to do some awesome stuff for me!",
		"356": "Got any spare bones for sale? I'm looking to replace my broken hip... again.",
		"357": "Excellent! Someone's finally come by to take some of these maggots off my hands.",
		"358": "There's no illness or condition that can't be cured by some of my Slime Oil! Trust me, it works, just look at my lively figure!",
		"359": "You've got a real backbone coming way down here, how 'bout ya buy somethin?",
		"36": "I think you look better this way.",
		"360": "You would not believe some of the things people throw at me... Wanna buy some of it?",
		"361": "I'd lend you a hand, but last time I did that, I didn't get it back for a month.",
		"362": "Stay away from the spiders. They'll suck out your insides and leave you a hollow shell of a man. Trust me on this one.",
		"363": "The only things constant in this world are death and taxes, I've got both!",
		"364": "You again? Suppose you want more money!?",
		"365": "Must everyone open and shut doors so incredibly noisily around here?!",
		"366": "I see you're free of time, as usual. Can't imagine what work life would be for your kind of folk.",
		"367": "Yes, yes, yes! -- I'll give you your share in just a moment. I'd think you to be a bit more patient, what with me doing all the work and all.",
		"368": "What does a man have to do to be left alone in this place? Go bugger someone less busy!",
		"369": "...two barrels of molasses, plus -- Oh, nevermind that, you're here. Here's your money.",
		"37": "Eww... What happened to your face?",
		"370": "Just between you and me... I have no idea why they're bothering to pay the rent",
		"371": "Tried to get {Dryad} to pay me with favors once, now I have fungus growing in strange places.",
		"372": "Go tell {ArmsDealer} to stop offering to pay me with ammo, I don't even own a gun.",
		"373": "Why don't YOU try collecting money from {Demolitionist} and not lose a hand or foot or...",
		"374": "I just came from {Merchant}'s. He wanted to know if I took credit cards.",
		"38": "MY GOODNESS! I'm good, but I'm not THAT good.",
		"380": "Here's your cut of the taxes that I've taken from our surplus population!",
		"381": "Here you are again, taking all my coin! Just grab it and begone from my sight!",
		"382": "Bah! Here, take your shillings and get out of my sight!",
		"383": "This is all you're gonna get for now, not a penny more! Take it and spend it wisely.",
		"39": "Dear friends we are gathered here today to bid farewell... Oh, you'll be fine.",
		"390": "...And people call me greedy? No, I have nothing else for you.",
		"391": "Oh, so you just see me as a coin sign, eh? 'Cus every time you see me, you ask me.",
		"392": "Don't you ever stop just to say 'Hi?'",
		"393": "Bah! You again? You just grabbed some of my coin just moments ago, so bugger off and come back later!",
		"394": "I just gave you half a crown five minutes ago! Scram!",
		"395": "Reaching into my moneybags again already!? And you call ME greedy.",
		"396": "You just received your pay, and not a farthing more! Get out!",
		"397": "Money doesn't grow on trees, so don't overpick my fruit! Bah! ",
		"398": "You already managed to spend every pence I paid you!? Bah, I'm not a charity, go kill a slime!",
		"399": "Not so fast! You got your money, now begone! ",
		"4": "Sword beats paper! Get one today.",
		"40": "You left your arm over there. Let me get that for you...",
		"400": "Begging so soon?! Don't look at me like I'll have a change of heart overnight! ",
		"401": "Make sure to smash any crimson altar you can find. Something good is bound to happen if you do!",
		"402": "Crimson altars can usually be found in the crimson. You will need to be near them to craft some items.",
		"403": "You can create a bloody spine with vertebrae. Make sure you are in a crimson area before using it.",
		"404": "I think you are ready for your first major battle. Gather some lenses from the eyeballs at night and take them to a crimson altar.",
		"41": "Quit being such a baby! I've seen worse.",
		"42": "That's gonna need stitches!",
		"43": "Trouble with those bullies again?",
		"44": "Hold on, I've got some cartoon bandages around here somewhere.",
		"45": "Walk it off, {PlayerName}, you'll be fine. Sheesh.",
		"46": "Does it hurt when you do that? Don't do that.",
		"47": "You look half digested. Have you been chasing slimes again?",
		"48": "Turn your head and cough.",
		"49": "That's not the biggest I've ever seen... Yes, I've seen bigger wounds for sure.",
		"5": "You want apples? You want carrots? You want pineapples? We got torches.",
		"50": "Would you like a lollipop?",
		"51": "Show me where it hurts.",
		"52": "I'm sorry, but you can't afford me.",
		"53": "I'm gonna need more gold than that.",
		"54": "I don't work for free you know.",
		"55": "I don't give happy endings.",
		"56": "I can't do anymore for you without plastic surgery.",
		"57": "Quit wasting my time.",
		"58": "I heard there is a doll that looks very similar to {Guide} somewhere in the underworld.  I'd like to put a few rounds in it.",
		"59": "Make it quick! I've got a date with {Nurse} in an hour.",
		"6": "Lovely morning, wouldn't you say? Was there something you needed?",
		"60": "I want what {Nurse} is sellin'. What do you mean, she doesn't sell anything?",
		"61": "{Dryad} is a looker.  Too bad she's such a prude.",
		"62": "Don't bother with {Demolitionist}, I've got all you need right here.",
		"63": "What's {Demolitionist}'s problem? Does he even realize we sell completely different stuff?",
		"64": "Man, it's a good night not to talk to anybody, don't you think, {PlayerName}?",
		"65": "I love nights like tonight.  There is never a shortage of things to kill!",
		"66": "I see you're eyeballin' the Minishark.. You really don't want to know how it was made.",
		"67": "Hey, this ain't a movie, pal. Ammo is extra.",
		"68": "Keep your hands off my gun, buddy!",
		"69": "Have you tried using purification powder on the ebonstone of the corruption?",
		"7": "Night will be upon us soon, friend. Make your choices while you can.",
		"70": "I wish {ArmsDealer} would stop flirting with me. Doesn't he realize I'm 500 years old?",
		"71": "Why does {Merchant} keep trying to sell me angel statues? Everyone knows that they don't do anything.",
		"72": "Have you seen the old man walking around the dungeon? He doesn't look well at all...",
		"73": "I sell what I want! If you don't like it, too bad.",
		"74": "Why do you have to be so confrontational during a time like this?",
		"75": "I don't want you to buy my stuff. I want you to want to buy my stuff, ok?",
		"76": "Dude, is it just me or is there like a million zombies out tonight?",
		"77": "You must cleanse the world of this corruption.",
		"78": "Be safe; Terraria needs you!",
		"79": "The sands of time are flowing. And well, you are not aging very gracefully.",
		"8": "You have no idea how much Dirt Blocks sell for overseas.",
		"80": "What's this about me having more 'bark' than bite?",
		"81": "So two goblins walk into a bar, and one says to the other, 'Want to get a Goblet of beer?!",
		"82": "I cannot let you enter until you free me of my curse.",
		"83": "Come back at night if you wish to enter.",
		"84": "My master cannot be summoned under the light of day.",
		"85": "You are far too weak to defeat my curse.  Come back when you aren't so worthless.",
		"86": "You pathetic fool.  You cannot hope to face my master as you are now.",
		"87": "I hope you have like six friends standing around behind you.",
		"88": "Please, no, stranger. You'll only get yourself killed.",
		"89": "You just might be strong enough to free me from my curse...",
		"9": "Ah, they will tell tales of {PlayerName} some day... good ones I'm sure.",
		"90": "Stranger, do you possess the strength to defeat my master?",
		"91": "Please! Battle my captor and free me! I beg you!",
		"92": "Defeat my master, and I will grant you passage into the Dungeon.",
		"93": "Trying to get past that {WorldEvilStone}, eh? Why not introduce it to one of these explosives!",
		"94": "Hey, have you seen a clown around?",
		"95": "There was a bomb sitting right here, and now I can't seem to find it...",
		"96": "I've got something for them zombies alright!",
		"97": "Even {ArmsDealer} wants what I'm selling!",
		"98": "Would you rather have a bullet hole or a grenade hole? That's what I thought.",
		"99": "I'm sure {Nurse} will help if you accidentally lose a limb to these."
	},
	"LegacyMenu": {
		"0": "Start a new instance of Terraria to join!",
		"100": "Background On",
		"101": "Background Off",
		"102": "Select language",
		"103": "Language",
		"104": "Yes",
		"105": "No",
		"106": "Toggle Map Style           ",
		"107": "Toggle Fullscreen           ",
		"108": "Zoom In                      ",
		"109": "Zoom Out                    ",
		"10": "Load Backup",
		"110": "Decrease Transparency     ",
		"111": "Increase Transparency      ",
		"112": "Map Enabled",
		"113": "Map Disabled",
		"114": "General",
		"115": "Map Controls",
		"116": "Multicore Lighting:",
		"117": "Off",
		"118": "Close Menu",
		"119": "Ambient:",
		"11": "No backup found",
		"120": "Smart Cursor    ",
		"121": "Smart Cursor Mode: Toggle",
		"122": "Smart Cursor Mode: Hold",
		"123": "Event Progress Bar",
		"124": "Off",
		"125": "Timed",
		"126": "On",
		"127": "Style",
		"128": "Placement Preview On",
		"129": "Placement Preview Off",
		"12": "Single Player",
		"130": "Mount             ",
		"131": "Achievements",
		"132": "Blood and Gore On",
		"133": "Blood and Gore Off",
		"134": "Apply",
		"135": "Server Settings",
		"136": "Steam Multiplayer: Disabled",
		"137": "Steam Multiplayer: Enabled",
		"138": "Allowed Users: Invite Only",
		"139": "Allowed Users: Friends",
		"13": "Multiplayer",
		"140": "Friends Can Invite: Off",
		"141": "Friends Can Invite: On",
		"142": "Allow Friends Of Friends: Off",
		"143": "Allow Friends Of Friends: On",
		"144": "Start",
		"145": "Join via Steam",
		"146": "Join via IP",
		"147": "Invite Friends",
		"148": "Up",
		"149": "Down",
		"14": "Settings",
		"150": "Left",
		"151": "Right",
		"152": "Jump",
		"153": "Throw",
		"154": "Inventory",
		"155": "Grapple",
		"156": "Quick Mana",
		"157": "Quick Buff",
		"158": "Quick Mount",
		"159": "Quick Heal",
		"15": "Exit",
		"160": "Auto Select",
		"161": "Smart Cursor",
		"162": "Use Item",
		"163": "Interact",
		"164": "Gameplay Controls",
		"165": "Map Controls",
		"166": "Hotbar Controls",
		"167": "Gamepad Settings",
		"168": "Zoom In",
		"169": "Zoom Out",
		"16": "Create Character",
		"170": "Increase Transparency",
		"171": "Decrease Transparency",
		"172": "Toggle Map Style",
		"173": "Toggle Full Map",
		"174": "Cycle Left",
		"175": "Cycle Right",
		"176": "Hotbar #1",
		"177": "Hotbar #2",
		"178": "Hotbar #3",
		"179": "Hotbar #4",
		"17": "Delete",
		"180": "Hotbar #5",
		"181": "Hotbar #6",
		"182": "Hotbar #7",
		"183": "Hotbar #8",
		"184": "Hotbar #9",
		"185": "Hotbar #10",
		"186": "Quick Mark #1",
		"187": "Quick Mark #2",
		"188": "Quick Mark #3",
		"189": "Quick Mark #4",
		"18": "Hair",
		"190": "Radial Hotbar",
		"191": "Cursor Snap Up",
		"192": "Cursor Snap Right",
		"193": "Cursor Snap Down",
		"194": "Cursor Snap Left",
		"195": "<Unbound>",
		"196": "DPad Cursor Snap",
		"197": "DPad Hotbar",
		"198": "Gamepad Advanced Settings",
		"199": "Triggers Deadzone",
		"19": "Eyes",
		"1": "Running on port ",
		"200": "Sliders Deadzone",
		"201": "Left Thumbstick Deadzone X",
		"202": "Left Thumbstick Deadzone Y",
		"203": "Right Thumbstick Deadzone X",
		"204": "Right Thumbstick Deadzone Y",
		"205": "Invert Left Thumbstick Horizontally",
		"206": "Invert Left Thumbstick Vertically",
		"207": "Invert Right Thumbstick Horizontally",
		"208": "Invert Right Thumbstick Vertical",
		"209": "Utilize",
		"20": "Skin",
		"210": "Interface",
		"211": "Passwords: Visible",
		"212": "Passwords: Hidden",
		"213": "Smart Cursor Priority: Pickaxe -> Axe",
		"214": "Smart Cursor Priority: Axe -> Pickaxe",
		"215": "Smart Block Placement: To Cursor",
		"216": "Smart Block Placement: Disabled",
		"217": "Border Color",
		"218": "Cursor",
		"219": "Controls",
		"21": "Clothes",
		"220": "Activate Set Bonuses: Up",
		"221": "Activate Set Bonuses: Down",
		"222": "Keybindings",
		"223": "Left Shift Quick Trash: Enabled",
		"224": "Left Shift Quick Trash: Disabled",
		"225": "Quick Wall Replace: Disabled",
		"226": "Quick Wall Replace: Enabled",
		"227": "Hotbar Scroll Time To Radial: On",
		"228": "Hotbar Scroll Time To Radial: Off",
		"229": "Tile Grid On",
		"22": "Male",
		"230": "Tile Grid Off",
		"231": "Lock On",
		"232": "Lock On Priority: Focus Target",
		"233": "Lock On Priority: Target Closest",
		"234": "Lock On Priority: Clearest Line",
		"235": "abc / ABC / !@#",
		"236": "Backspace",
		"237": "Submit",
		"238": "Space",
		"239": "<-",
		"23": "Female",
		"240": "->",
		"241": "Gamepad Instructions Off",
		"242": "Gamepad Instructions On",
		"243": "Menu Controls",
		"244": "Radial Quickbar",
		"245": "Borderless Window: Enabled",
		"246": "Borderless Window: Disabled",
		"247": "Frame Skip Off",
		"248": "Frame Skip On",
		"249": "Frame Skip Subtle",
		"24": "Hardcore",
		"250": "Miner's Wobble: Enabled",
		"251": "Miner's Wobble: Disabled",
		"252": "Interface Movement Delay",
		"25": "Mediumcore",
		"26": "Classic",
		"27": "Random",
		"28": "Create",
		"29": "Hardcore characters die for good.",
		"2": "Disconnect",
		"30": "Mediumcore characters drop items on death.",
		"31": "Classic characters drop money on death.",
		"32": "Select difficulty",
		"33": "Shirt",
		"34": "Undershirt",
		"35": "Pants",
		"36": "Shoes",
		"37": "Hair",
		"38": "Hair Color",
		"39": "Eye Color",
		"3": "Server Requires Password:",
		"40": "Skin Color",
		"41": "Shirt Color",
		"42": "Undershirt Color",
		"43": "Pants Color",
		"44": "Shoe Color",
		"45": "Enter Character Name:",
		"46": "Delete",
		"47": "Create World",
		"48": "Enter World Name:",
		"49": "Go Windowed",
		"4": "Accept",
		"50": "Go Fullscreen",
		"51": "Resolution",
		"52": "Parallax",
		"53": "Frame Skip Off",
		"54": "Frame Skip On",
		"55": "Lighting: Color",
		"56": "Lighting: White",
		"57": "Lighting: Retro",
		"58": "Lighting: Trippy",
		"59": "Quality: Auto",
		"5": "Back",
		"60": "Quality: High",
		"61": "Quality: Medium",
		"62": "Quality: Low",
		"63": "Video",
		"64": "Cursor Color",
		"65": "Volume",
		"66": "Controls",
		"67": "Autosave On",
		"68": "Autosave Off",
		"69": "Autopause On",
		"6": "Cancel",
		"70": "Autopause Off",
		"71": "Pickup Text On",
		"72": "Pickup Text Off",
		"73": "Fullscreen Resolution",
		"74": "Up                ",
		"75": "Down             ",
		"76": "Left               ",
		"77": "Right             ",
		"78": "Jump             ",
		"79": "Throw            ",
		"7": "Enter Server Password:",
		"80": "Inventory         ",
		"81": "Quick Heal       ",
		"82": "Quick Mana      ",
		"83": "Quick Buff       ",
		"84": "Grapple           ",
		"85": "Auto Select       ",
		"86": "Reset to Default",
		"87": "Join",
		"88": "Host & Play",
		"89": "Enter Server IP Address:",
		"8": "Starting server...",
		"90": "Enter Server Port:",
		"91": "Choose world size:",
		"92": "Small",
		"93": "Medium",
		"94": "Large",
		"95": "Red:",
		"96": "Green:",
		"97": "Blue:",
		"98": "Sound:",
		"99": "Music:",
		"9": "Load failed!"
	},
	"LegacyTooltip": {
		"0": "Equipped in social slot",
		"10": "Slow speed",
		"11": "Very slow speed",
		"12": "Extremely slow speed",
		"13": "Snail speed",
		"14": "No knockback",
		"15": "Extremely weak knockback",
		"16": "Very weak knockback",
		"17": "Weak knockback",
		"18": "Average knockback",
		"19": "Strong knockback",
		"1": "No stats will be gained",
		"20": "Very strong knockback",
		"21": "Extremely strong knockback",
		"22": "Insane knockback",
		"23": "Equipable",
		"24": "Vanity Item",
		"25": " defense",
		"26": "% pickaxe power",
		"27": "% axe power",
		"28": "% hammer power",
		"29": "Restores",
		"2": " melee damage",
		"30": "life",
		"31": "mana",
		"32": "Uses",
		"33": "Can be placed",
		"34": "Ammo",
		"35": "Consumable",
		"36": "Material",
		"37": " minute duration",
		"38": " second duration",
		"39": "% damage",
		"3": " ranged damage",
		"40": "% speed",
		"41": "% critical strike chance",
		"42": "% mana cost",
		"43": "% size",
		"44": "% velocity",
		"45": "% knockback",
		"46": "% movement speed",
		"47": "% melee speed",
		"48": "Set bonus:",
		"49": "Sell price:",
		"4": " magic damage",
		"50": "Buy price:",
		"51": "No value",
		"52": "Consumes ",
		"53": " summon damage",
		"54": " range",
		"55": " damage",
		"56": "Marked as favorite",
		"57": "Quick trash, stacking, and selling will be blocked",
		"58": " throwing damage",
		"59": "It has been cursed by a powerful Jungle creature",
		"5": "% critical strike chance",
		"6": "Insanely fast speed",
		"60": "Cannot be equipped or removed while shopping",
		"7": "Very fast speed",
		"8": "Fast speed",
		"9": "Average speed"
	},
	"LegacyMultiplayer": {
		"0": "Receive:",
		"10": "You are not in a party!",
		"11": "{0} has enabled PvP!",
		"12": "{0} has disabled PvP!",
		"13": "{0} is no longer on a party.",
		"14": "{0} has joined the red party.",
		"15": "{0} has joined the green party.",
		"16": "{0} has joined the blue party.",
		"17": "{0} has joined the yellow party.",
		"18": "Welcome to",
		"19": "{0} has joined.",
		"1": "Incorrect password",
		"20": "{0} has left.",
		"21": "/players",
		"22": "{0} has joined the pink party.",
		"2": "Invalid operation at this state.",
		"3": "You are banned from this server.",
		"4": "You are not using the same version as this server.",
		"5": "{0} is already on this server.",
		"6": "/playing",
		"7": "Current players:",
		"8": "/roll",
		"9": "rolls a"
	},
	"LegacyMisc": {
		"0": "A goblin army has been defeated!",
		"100": "Pick world evil",
		"101": "Corruption",
		"102": "Crimson",
		"103": "Random",
		"104": "Cannot be used without Etherian Mana until the Eternia Crystal has been defended",
		"105": "Dragonfly",
		"10": "A horrible chill goes down your spine...",
		"11": "Screams echo around you...",
		"12": "Your world has been blessed with Cobalt!",
		"13": "Your world has been blessed with Mythril!",
		"14": "Your world has been blessed with Adamantite!",
		"15": "The ancient spirits of light and dark have been released.",
		"19": "{0} was slain...",
		"1": "A goblin army is approaching from the west!",
		"20": "A solar eclipse is happening!",
		"21": "Your world has been blessed with Palladium!",
		"22": "Your world has been blessed with Orichalcum!",
		"23": "Your world has been blessed with Titanium!",
		"24": "The pirates have been defeated!",
		"25": "Pirates are approaching from the west!",
		"26": "Pirates are approaching from the east!",
		"27": "The pirates have arrived!",
		"28": "You feel vibrations from deep below...",
		"29": "This is going to be a terrible night...",
		"2": "A goblin army is approaching from the east!",
		"30": "The air is getting colder around you...",
		"31": "The Pumpkin Moon is rising...",
		"32": "The jungle grows restless...",
		"33": "Screams are echoing from the dungeon...",
		"34": "The Frost Moon is rising...",
		"35": "{0} has departed!",
		"36": "{0} has left!",
		"37": "Any",
		"38": "Pressure Plate",
		"39": " and increased life regeneration",
		"3": "A goblin army has arrived!",
		"40": "Increases life regeneration",
		"41": "Martians are invading!",
		"42": "The martians have been defeated!",
		"43": "Celestial creatures are invading!",
		"44": "Your mind goes numb...",
		"45": "You are overwhelmed with pain...",
		"46": "Otherworldly voices linger around you...",
		"47": "The Moon Lord has awoken!",
		"48": "The Twins have awoken!",
		"49": "You wake up from a strange dream...",
		"4": "The Frost Legion has been defeated!",
		"50": "have been defeated!",
		"51": "Lunar Fragment",
		"52": "Impending doom approaches...",
		"53": "Select",
		"54": "Take",
		"55": "Take One",
		"56": "Close",
		"57": "Grapple",
		"58": "Jump",
		"59": "Cycle hotbar",
		"5": "The Frost Legion is approaching from the west!",
		"60": "Attack",
		"61": "Build",
		"62": "Drink",
		"63": "Action",
		"64": "Switch menu",
		"65": "Place",
		"66": "Swap",
		"67": "Equip",
		"68": "Unequip",
		"69": "Show room flags",
		"6": "The Frost Legion is approaching from the east!",
		"70": "Check housing",
		"71": "Quick craft",
		"72": "Craft",
		"73": "Select",
		"74": "Trash",
		"75": "Sell",
		"76": "Transfer",
		"77": "Show visuals",
		"78": "Hide visuals",
		"79": "Use",
		"7": "The Frost Legion has arrived!",
		"80": "Talk",
		"81": "Read",
		"82": "Back",
		"83": "Favorite",
		"84": "You can't change teams inside your team's blocks!",
		"85": "Jungle Bug",
		"86": "Duck",
		"87": "Butterfly",
		"88": "Firefly",
		"89": "Wiring Options",
		"8": "The Blood Moon is rising...",
		"90": "Buy",
		"91": "Buy More",
		"92": "Sell",
		"93": "Craft more",
		"94": "Try Removing",
		"95": "Snail",
		"96": "Looks like ",
		"97": " is throwing a party",
		"98": " are throwing a party",
		"99": "Party time's over!",
		"9": "You feel an evil presence watching you..."
	},
	"LegacyInterface": {
		"0": "Life:",
		"100": "Creature Count",
		"101": "Kill Count",
		"102": "Moon Phase",
		"103": "Movement Speed",
		"104": "Treasure",
		"105": "Rare Creatures",
		"106": "Damage Per Second",
		"107": "Strange Plants",
		"108": "Open Map",
		"109": "Close Map",
		"10": "Defense",
		"110": "Open Folder",
		"111": "Take Screenshot",
		"112": "You must first set a frame",
		"113": "Only available in windowed mode",
		"114": "Only available if map is enabled",
		"115": "Camera Mode Disabled",
		"116": "Highlight New Items Off",
		"117": "Highlight New Items On",
		"118": "Zoom In",
		"119": "Zoom Out",
		"11": "Social",
		"120": "Teleport to ally",
		"121": "Drop Item",
		"122": "Sort Items",
		"123": "Cold Weather",
		"124": "Ecto Mist",
		"12": "Helmet",
		"13": "Shirt",
		"14": "Pants",
		"15": "platinum",
		"16": "gold",
		"17": "silver",
		"18": "copper",
		"19": "Reforge",
		"1": "Breath",
		"20": "Place an item here to reforge",
		"21": "Showing recipes that use",
		"22": "Required objects:",
		"23": "None",
		"24": "Place a material here",
		"25": "Crafting",
		"26": "Coins",
		"27": "Ammo",
		"28": "Shop",
		"29": "Loot All",
		"2": "Mana",
		"30": "Deposit All",
		"31": "Quick Stack",
		"32": "Piggy Bank",
		"33": "Safe",
		"34": "Time",
		"35": "Save & Exit",
		"36": "Disconnect",
		"37": "Items",
		"38": "You were slain...",
		"39": "This housing is suitable.",
		"3": "Trash Can",
		"40": "This is not valid housing.",
		"41": "This housing is already occupied.",
		"42": "This housing is corrupted.",
		"43": "Connection timed out",
		"44": "Receiving tile data",
		"45": "Equip",
		"46": "Cost",
		"47": "Save",
		"48": "Edit",
		"49": "Status",
		"4": "Inventory",
		"50": "Curse",
		"51": "Help",
		"52": "Close",
		"53": "Water",
		"54": "Heal",
		"55": "This housing does not meet the requirements for a",
		"56": "Lava",
		"57": "Dye",
		"58": "Honey",
		"59": "Visible",
		"5": "Hotbar unlocked",
		"60": "Hidden",
		"61": "Rename",
		"62": "Settings",
		"63": "Cancel",
		"64": "Quest",
		"65": "Quest Item",
		"66": "Savings",
		"67": "Take Snapshot",
		"68": "Settings",
		"69": "Pin Frame",
		"6": "Hotbar locked",
		"70": "Set Frame",
		"71": "Close",
		"72": "On",
		"73": "Off",
		"74": "Image Packing",
		"75": "Capture Entities",
		"76": "Capture Background",
		"77": "Biome Pick",
		"78": "Reset Frame",
		"79": "Equipment",
		"7": "Housing",
		"80": "Housing",
		"81": "Camera Mode",
		"82": "Restock",
		"83": "Frost Moon",
		"84": "Pumpkin Moon",
		"85": "Martian Madness",
		"86": "Pirate Invasion",
		"87": "Frost Legion",
		"88": "Goblin Army",
		"89": "Collect",
		"8": "Housing Query",
		"90": "Grappling Hook",
		"91": "Mount",
		"92": "Pet",
		"93": "Minecart",
		"94": "Light Pet",
		"95": "Time",
		"96": "Weather",
		"97": "Fishing",
		"98": "Position",
		"99": "Depth",
		"9": "Accessory"
	},
	"LegacyChestType": {
		"0": "Chest",
		"10": "Ivy Chest",
		"11": "Frozen Chest",
		"12": "Living Wood Chest",
		"13": "Skyware Chest",
		"14": "Shadewood Chest",
		"15": "Web Covered Chest",
		"16": "Lihzahrd Chest",
		"17": "Water Chest",
		"18": "Jungle Chest",
		"19": "Corruption Chest",
		"1": "Gold Chest",
		"20": "Crimson Chest",
		"21": "Hallowed Chest",
		"22": "Ice Chest",
		"23": "Locked Jungle Chest",
		"24": "Locked Corruption Chest",
		"25": "Locked Crimson Chest",
		"26": "Locked Hallowed Chest",
		"27": "Locked Ice Chest",
		"28": "Dynasty Chest",
		"29": "Honey Chest",
		"2": "Locked Gold Chest",
		"30": "Steampunk Chest",
		"31": "Palm Wood Chest",
		"32": "Mushroom Chest",
		"33": "Boreal Wood Chest",
		"34": "Slime Chest",
		"35": "Green Dungeon Chest",
		"36": "Locked Green Dungeon Chest",
		"37": "Pink Dungeon Chest",
		"38": "Locked Pink Dungeon Chest",
		"39": "Blue Dungeon Chest",
		"3": "Shadow Chest",
		"40": "Locked Blue Dungeon Chest",
		"41": "Bone Chest",
		"42": "Cactus Chest",
		"43": "Flesh Chest",
		"44": "Obsidian Chest",
		"45": "Pumpkin Chest",
		"46": "Spooky Chest",
		"47": "Glass Chest",
		"48": "Martian Chest",
		"49": "Meteorite Chest",
		"4": "Locked Shadow Chest",
		"50": "Granite Chest",
		"51": "Marble Chest",
		"5": "Barrel",
		"6": "Trash Can",
		"7": "Ebonwood Chest",
		"8": "Rich Mahogany Chest",
		"9": "Pearlwood Chest"
	},
	"LegacyDresserType": {
		"0": "Dresser",
		"10": "Bone Dresser",
		"11": "Cactus Dresser",
		"12": "Spooky Dresser",
		"13": "Skyware Dresser",
		"14": "Honey Dresser",
		"15": "Lihzahrd Dresser",
		"16": "Palm Wood Dresser",
		"17": "Mushroom Dresser",
		"18": "Boreal Wood Dresser",
		"19": "Slime Dresser",
		"1": "Ebonwood Dresser",
		"20": "Pumpkin Dresser",
		"21": "Steampunk Dresser",
		"22": "Glass Dresser",
		"23": "Flesh Dresser",
		"24": "Martian Dresser",
		"25": "Meteorite Dresser",
		"26": "Granite Dresser",
		"27": "Marble Dresser",
		"28": "{$ItemName.CrystalDresser}",
		"29": "{$ItemName.DynastyDresser}",
		"2": "Rich Mahogany Dresser",
		"30": "{$ItemName.FrozenDresser}",
		"31": "{$ItemName.LivingWoodDresser}",
		"32": "{$ItemName.SpiderDresser}",
		"33": "{$ItemName.LesionDresser}",
		"34": "{$ItemName.SolarDresser}",
		"35": "{$ItemName.VortexDresser}",
		"36": "{$ItemName.NebulaDresser}",
		"37": "{$ItemName.StardustDresser}",
		"38": "{$ItemName.SandstoneDresser}",
		"39": "{$ItemName.BambooDresser}",
		"3": "Pearlwood Dresser",
		"4": "Shadewood Dresser",
		"5": "Blue Dungeon Dresser",
		"6": "Green Dungeon Dresser",
		"7": "Pink Dungeon Dresser",
		"8": "Golden Dresser",
		"9": "Obsidian Dresser"
	},
	"LegacyChestType2": {
		"0": "{$ItemName.CrystalChest}",
		"1": "{$ItemName.GoldenChest}",
		"2": "{$ItemName.SpiderChest}",
		"3": "{$ItemName.LesionChest}",
		"4": "{$ItemName.GoldChest}",		
		"5": "{$ItemName.SolarChest}",		
		"6": "{$ItemName.VortexChest}",		
		"7": "{$ItemName.NebulaChest}",		
		"8": "{$ItemName.StardustChest}",
		"9": "{$ItemName.GolfChest}",
		"10": "{$ItemName.DesertChest}",
		"11": "{$ItemName.BambooChest}",
		"12": "{$ItemName.DungeonDesertChest}",
		"13": "Locked {$ItemName.DungeonDesertChest}"
	}
}