[
  {
    "Type": 0,
    "Name": ""
  },
  {
    "Type": 1,
    "Name": "蓝史莱姆"
  },
  {
    "Type": 2,
    "Name": "恶魔眼"
  },
  {
    "Type": 3,
    "Name": "僵尸"
  },
  {
    "Type": 4,
    "Name": "克苏鲁之眼"
  },
  {
    "Type": 5,
    "Name": "克苏鲁之仆"
  },
  {
    "Type": 6,
    "Name": "噬魂怪"
  },
  {
    "Type": 7,
    "Name": "吞噬怪"
  },
  {
    "Type": 8,
    "Name": "吞噬怪"
  },
  {
    "Type": 9,
    "Name": "吞噬怪"
  },
  {
    "Type": 10,
    "Name": "巨型蠕虫"
  },
  {
    "Type": 11,
    "Name": "巨型蠕虫"
  },
  {
    "Type": 12,
    "Name": "巨型蠕虫"
  },
  {
    "Type": 13,
    "Name": "世界吞噬怪"
  },
  {
    "Type": 14,
    "Name": "世界吞噬怪"
  },
  {
    "Type": 15,
    "Name": "世界吞噬怪"
  },
  {
    "Type": 16,
    "Name": "史莱姆之母"
  },
  {
    "Type": 17,
    "Name": "商人"
  },
  {
    "Type": 18,
    "Name": "护士"
  },
  {
    "Type": 19,
    "Name": "军火商"
  },
  {
    "Type": 20,
    "Name": "树妖"
  },
  {
    "Type": 21,
    "Name": "骷髅"
  },
  {
    "Type": 22,
    "Name": "向导"
  },
  {
    "Type": 23,
    "Name": "流星头"
  },
  {
    "Type": 24,
    "Name": "火焰小鬼"
  },
  {
    "Type": 25,
    "Name": "烈焰球"
  },
  {
    "Type": 26,
    "Name": "哥布林苦力"
  },
  {
    "Type": 27,
    "Name": "哥布林盗贼"
  },
  {
    "Type": 28,
    "Name": "哥布林战士"
  },
  {
    "Type": 29,
    "Name": "哥布林巫士"
  },
  {
    "Type": 30,
    "Name": "混沌球"
  },
  {
    "Type": 31,
    "Name": "愤怒骷髅怪"
  },
  {
    "Type": 32,
    "Name": "暗黑法师"
  },
  {
    "Type": 33,
    "Name": "水球"
  },
  {
    "Type": 34,
    "Name": "诅咒骷髅头"
  },
  {
    "Type": 35,
    "Name": "骷髅王"
  },
  {
    "Type": 36,
    "Name": "骷髅王"
  },
  {
    "Type": 37,
    "Name": "老人"
  },
  {
    "Type": 38,
    "Name": "爆破专家"
  },
  {
    "Type": 39,
    "Name": "骨蛇"
  },
  {
    "Type": 40,
    "Name": "骨蛇"
  },
  {
    "Type": 41,
    "Name": "骨蛇"
  },
  {
    "Type": 42,
    "Name": "黄蜂"
  },
  {
    "Type": 43,
    "Name": "食人怪"
  },
  {
    "Type": 44,
    "Name": "不死矿工"
  },
  {
    "Type": 45,
    "Name": "蒂姆"
  },
  {
    "Type": 46,
    "Name": "兔兔"
  },
  {
    "Type": 47,
    "Name": "腐化兔"
  },
  {
    "Type": 48,
    "Name": "鸟妖"
  },
  {
    "Type": 49,
    "Name": "洞穴蝙蝠"
  },
  {
    "Type": 50,
    "Name": "史莱姆王"
  },
  {
    "Type": 51,
    "Name": "丛林蝙蝠"
  },
  {
    "Type": 52,
    "Name": "骷髅博士"
  },
  {
    "Type": 53,
    "Name": "僵尸新郎"
  },
  {
    "Type": 54,
    "Name": "服装商"
  },
  {
    "Type": 55,
    "Name": "金鱼"
  },
  {
    "Type": 56,
    "Name": "抓人草"
  },
  {
    "Type": 57,
    "Name": "腐化金鱼"
  },
  {
    "Type": 58,
    "Name": "食人鱼"
  },
  {
    "Type": 59,
    "Name": "熔岩史莱姆"
  },
  {
    "Type": 60,
    "Name": "地狱蝙蝠"
  },
  {
    "Type": 61,
    "Name": "秃鹰"
  },
  {
    "Type": 62,
    "Name": "恶魔"
  },
  {
    "Type": 63,
    "Name": "蓝水母"
  },
  {
    "Type": 64,
    "Name": "粉水母"
  },
  {
    "Type": 65,
    "Name": "鲨鱼"
  },
  {
    "Type": 66,
    "Name": "巫毒恶魔"
  },
  {
    "Type": 67,
    "Name": "螃蟹"
  },
  {
    "Type": 68,
    "Name": "地牢守卫"
  },
  {
    "Type": 69,
    "Name": "蚁狮"
  },
  {
    "Type": 70,
    "Name": "尖刺球"
  },
  {
    "Type": 71,
    "Name": "地牢史莱姆"
  },
  {
    "Type": 72,
    "Name": "烈焰火轮"
  },
  {
    "Type": 73,
    "Name": "哥布林侦察兵"
  },
  {
    "Type": 74,
    "Name": "鸟"
  },
  {
    "Type": 75,
    "Name": "妖精"
  },
  {
    "Type": 76,
    "Name": "NPCName.None2"
  },
  {
    "Type": 77,
    "Name": "装甲骷髅"
  },
  {
    "Type": 78,
    "Name": "木乃伊"
  },
  {
    "Type": 79,
    "Name": "暗黑木乃伊"
  },
  {
    "Type": 80,
    "Name": "光明木乃伊"
  },
  {
    "Type": 81,
    "Name": "腐化史莱姆"
  },
  {
    "Type": 82,
    "Name": "幻灵"
  },
  {
    "Type": 83,
    "Name": "诅咒锤"
  },
  {
    "Type": 84,
    "Name": "附魔剑"
  },
  {
    "Type": 85,
    "Name": "宝箱怪"
  },
  {
    "Type": 86,
    "Name": "独角兽"
  },
  {
    "Type": 87,
    "Name": "飞龙"
  },
  {
    "Type": 88,
    "Name": "飞龙"
  },
  {
    "Type": 89,
    "Name": "飞龙"
  },
  {
    "Type": 90,
    "Name": "飞龙"
  },
  {
    "Type": 91,
    "Name": "飞龙"
  },
  {
    "Type": 92,
    "Name": "飞龙"
  },
  {
    "Type": 93,
    "Name": "巨型蝙蝠"
  },
  {
    "Type": 94,
    "Name": "腐化者"
  },
  {
    "Type": 95,
    "Name": "挖掘怪"
  },
  {
    "Type": 96,
    "Name": "挖掘怪"
  },
  {
    "Type": 97,
    "Name": "挖掘怪"
  },
  {
    "Type": 98,
    "Name": "吞世怪"
  },
  {
    "Type": 99,
    "Name": "吞世怪"
  },
  {
    "Type": 100,
    "Name": "吞世怪"
  },
  {
    "Type": 101,
    "Name": "爬藤怪"
  },
  {
    "Type": 102,
    "Name": "琵琶鱼"
  },
  {
    "Type": 103,
    "Name": "绿水母"
  },
  {
    "Type": 104,
    "Name": "狼人"
  },
  {
    "Type": 105,
    "Name": "受缚哥布林"
  },
  {
    "Type": 106,
    "Name": "受缚巫师"
  },
  {
    "Type": 107,
    "Name": "哥布林工匠"
  },
  {
    "Type": 108,
    "Name": "巫师"
  },
  {
    "Type": 109,
    "Name": "小丑"
  },
  {
    "Type": 110,
    "Name": "骷髅弓箭手"
  },
  {
    "Type": 111,
    "Name": "哥布林弓箭手"
  },
  {
    "Type": 112,
    "Name": "魔唾液"
  },
  {
    "Type": 113,
    "Name": "血肉墙"
  },
  {
    "Type": 114,
    "Name": "血肉墙"
  },
  {
    "Type": 115,
    "Name": "饿鬼"
  },
  {
    "Type": 116,
    "Name": "饿鬼"
  },
  {
    "Type": 117,
    "Name": "血蛭"
  },
  {
    "Type": 118,
    "Name": "血蛭"
  },
  {
    "Type": 119,
    "Name": "血蛭"
  },
  {
    "Type": 120,
    "Name": "混沌精"
  },
  {
    "Type": 121,
    "Name": "恶翅史莱姆"
  },
  {
    "Type": 122,
    "Name": "腹足怪"
  },
  {
    "Type": 123,
    "Name": "受缚机械师"
  },
  {
    "Type": 124,
    "Name": "机械师"
  },
  {
    "Type": 125,
    "Name": "激光眼"
  },
  {
    "Type": 126,
    "Name": "魔焰眼"
  },
  {
    "Type": 127,
    "Name": "机械骷髅王"
  },
  {
    "Type": 128,
    "Name": "机械炮"
  },
  {
    "Type": 129,
    "Name": "机械锯"
  },
  {
    "Type": 130,
    "Name": "机械钳"
  },
  {
    "Type": 131,
    "Name": "机械激光"
  },
  {
    "Type": 132,
    "Name": "僵尸"
  },
  {
    "Type": 133,
    "Name": "游荡眼球怪"
  },
  {
    "Type": 134,
    "Name": "毁灭者"
  },
  {
    "Type": 135,
    "Name": "毁灭者"
  },
  {
    "Type": 136,
    "Name": "毁灭者"
  },
  {
    "Type": 137,
    "Name": "夜明蝙蝠"
  },
  {
    "Type": 138,
    "Name": "夜明史莱姆"
  },
  {
    "Type": 139,
    "Name": "探测怪"
  },
  {
    "Type": 140,
    "Name": "装甲幻影魔"
  },
  {
    "Type": 141,
    "Name": "毒泥"
  },
  {
    "Type": 142,
    "Name": "圣诞老人"
  },
  {
    "Type": 143,
    "Name": "雪人暴徒"
  },
  {
    "Type": 144,
    "Name": "戳刺先生"
  },
  {
    "Type": 145,
    "Name": "巴拉雪人"
  },
  {
    "Type": 146,
    "Name": "NPCName.None3"
  },
  {
    "Type": 147,
    "Name": "冰雪史莱姆"
  },
  {
    "Type": 148,
    "Name": "企鹅"
  },
  {
    "Type": 149,
    "Name": "企鹅"
  },
  {
    "Type": 150,
    "Name": "冰雪蝙蝠"
  },
  {
    "Type": 151,
    "Name": "熔岩蝙蝠"
  },
  {
    "Type": 152,
    "Name": "巨型飞狐"
  },
  {
    "Type": 153,
    "Name": "巨型陆龟"
  },
  {
    "Type": 154,
    "Name": "冰雪陆龟"
  },
  {
    "Type": 155,
    "Name": "狼"
  },
  {
    "Type": 156,
    "Name": "红魔鬼"
  },
  {
    "Type": 157,
    "Name": "巨骨舌鱼"
  },
  {
    "Type": 158,
    "Name": "吸血鬼"
  },
  {
    "Type": 159,
    "Name": "吸血鬼"
  },
  {
    "Type": 160,
    "Name": "松露人"
  },
  {
    "Type": 161,
    "Name": "冰冻僵尸"
  },
  {
    "Type": 162,
    "Name": "科学怪人"
  },
  {
    "Type": 163,
    "Name": "黑隐士"
  },
  {
    "Type": 164,
    "Name": "爬墙蜘蛛"
  },
  {
    "Type": 165,
    "Name": "爬墙蜘蛛"
  },
  {
    "Type": 166,
    "Name": "沼泽怪"
  },
  {
    "Type": 167,
    "Name": "亡灵维京海盗"
  },
  {
    "Type": 168,
    "Name": "腐化企鹅"
  },
  {
    "Type": 169,
    "Name": "冰雪精"
  },
  {
    "Type": 170,
    "Name": "猪龙"
  },
  {
    "Type": 171,
    "Name": "猪龙"
  },
  {
    "Type": 172,
    "Name": "符文巫师"
  },
  {
    "Type": 173,
    "Name": "猩红喀迈拉"
  },
  {
    "Type": 174,
    "Name": "蹦蹦兽"
  },
  {
    "Type": 175,
    "Name": "愤怒捕手"
  },
  {
    "Type": 176,
    "Name": "青苔黄蜂"
  },
  {
    "Type": 177,
    "Name": "跳跳兽"
  },
  {
    "Type": 178,
    "Name": "蒸汽朋克人"
  },
  {
    "Type": 179,
    "Name": "猩红斧"
  },
  {
    "Type": 180,
    "Name": "猪龙"
  },
  {
    "Type": 181,
    "Name": "脸怪"
  },
  {
    "Type": 182,
    "Name": "恶心浮游怪"
  },
  {
    "Type": 183,
    "Name": "猩红史莱姆"
  },
  {
    "Type": 184,
    "Name": "尖刺冰雪史莱姆"
  },
  {
    "Type": 185,
    "Name": "小雪怪"
  },
  {
    "Type": 186,
    "Name": "僵尸"
  },
  {
    "Type": 187,
    "Name": "僵尸"
  },
  {
    "Type": 188,
    "Name": "僵尸"
  },
  {
    "Type": 189,
    "Name": "僵尸"
  },
  {
    "Type": 190,
    "Name": "恶魔眼"
  },
  {
    "Type": 191,
    "Name": "恶魔眼"
  },
  {
    "Type": 192,
    "Name": "恶魔眼"
  },
  {
    "Type": 193,
    "Name": "恶魔眼"
  },
  {
    "Type": 194,
    "Name": "恶魔眼"
  },
  {
    "Type": 195,
    "Name": "迷失女孩"
  },
  {
    "Type": 196,
    "Name": "宁芙"
  },
  {
    "Type": 197,
    "Name": "装甲维京海盗"
  },
  {
    "Type": 198,
    "Name": "丛林蜥蜴"
  },
  {
    "Type": 199,
    "Name": "丛林蜥蜴"
  },
  {
    "Type": 200,
    "Name": "僵尸"
  },
  {
    "Type": 201,
    "Name": "骷髅"
  },
  {
    "Type": 202,
    "Name": "骷髅"
  },
  {
    "Type": 203,
    "Name": "骷髅"
  },
  {
    "Type": 204,
    "Name": "尖刺丛林史莱姆"
  },
  {
    "Type": 205,
    "Name": "蛾"
  },
  {
    "Type": 206,
    "Name": "冰雪人鱼"
  },
  {
    "Type": 207,
    "Name": "染料商"
  },
  {
    "Type": 208,
    "Name": "派对女孩"
  },
  {
    "Type": 209,
    "Name": "机器侠"
  },
  {
    "Type": 210,
    "Name": "蜜蜂"
  },
  {
    "Type": 211,
    "Name": "蜜蜂"
  },
  {
    "Type": 212,
    "Name": "海盗水手"
  },
  {
    "Type": 213,
    "Name": "私船海盗"
  },
  {
    "Type": 214,
    "Name": "海盗神射手"
  },
  {
    "Type": 215,
    "Name": "海盗弩手"
  },
  {
    "Type": 216,
    "Name": "海盗船长"
  },
  {
    "Type": 217,
    "Name": "胭脂虫"
  },
  {
    "Type": 218,
    "Name": "青壳虫"
  },
  {
    "Type": 219,
    "Name": "紫胶虫"
  },
  {
    "Type": 220,
    "Name": "海蜗牛"
  },
  {
    "Type": 221,
    "Name": "乌贼"
  },
  {
    "Type": 222,
    "Name": "蜂王"
  },
  {
    "Type": 223,
    "Name": "雨衣僵尸"
  },
  {
    "Type": 224,
    "Name": "飞鱼"
  },
  {
    "Type": 225,
    "Name": "雨伞史莱姆"
  },
  {
    "Type": 226,
    "Name": "飞蛇"
  },
  {
    "Type": 227,
    "Name": "油漆工"
  },
  {
    "Type": 228,
    "Name": "巫医"
  },
  {
    "Type": 229,
    "Name": "海盗"
  },
  {
    "Type": 230,
    "Name": "金鱼"
  },
  {
    "Type": 231,
    "Name": "黄蜂"
  },
  {
    "Type": 232,
    "Name": "黄蜂"
  },
  {
    "Type": 233,
    "Name": "黄蜂"
  },
  {
    "Type": 234,
    "Name": "黄蜂"
  },
  {
    "Type": 235,
    "Name": "黄蜂"
  },
  {
    "Type": 236,
    "Name": "丛林蜘蛛"
  },
  {
    "Type": 237,
    "Name": "丛林蜘蛛"
  },
  {
    "Type": 238,
    "Name": "黑隐士"
  },
  {
    "Type": 239,
    "Name": "血爬虫"
  },
  {
    "Type": 240,
    "Name": "血爬虫"
  },
  {
    "Type": 241,
    "Name": "嗜血怪"
  },
  {
    "Type": 242,
    "Name": "血水母"
  },
  {
    "Type": 243,
    "Name": "冰雪巨人"
  },
  {
    "Type": 244,
    "Name": "彩虹史莱姆"
  },
  {
    "Type": 245,
    "Name": "石巨人"
  },
  {
    "Type": 246,
    "Name": "石巨人头"
  },
  {
    "Type": 247,
    "Name": "石巨人之拳"
  },
  {
    "Type": 248,
    "Name": "石巨人之拳"
  },
  {
    "Type": 249,
    "Name": "石巨人头"
  },
  {
    "Type": 250,
    "Name": "愤怒雨云怪"
  },
  {
    "Type": 251,
    "Name": "眼怪"
  },
  {
    "Type": 252,
    "Name": "鹦鹉"
  },
  {
    "Type": 253,
    "Name": "死神"
  },
  {
    "Type": 254,
    "Name": "孢子僵尸"
  },
  {
    "Type": 255,
    "Name": "孢子僵尸"
  },
  {
    "Type": 256,
    "Name": "蘑菇鱼"
  },
  {
    "Type": 257,
    "Name": "歪尾真菌"
  },
  {
    "Type": 258,
    "Name": "瓢虫"
  },
  {
    "Type": 259,
    "Name": "真菌球怪"
  },
  {
    "Type": 260,
    "Name": "巨型真菌球怪"
  },
  {
    "Type": 261,
    "Name": "真菌孢子"
  },
  {
    "Type": 262,
    "Name": "世纪之花"
  },
  {
    "Type": 263,
    "Name": "世纪之花钩"
  },
  {
    "Type": 264,
    "Name": "世纪之花触手"
  },
  {
    "Type": 265,
    "Name": "孢子"
  },
  {
    "Type": 266,
    "Name": "克苏鲁之脑"
  },
  {
    "Type": 267,
    "Name": "飞眼怪"
  },
  {
    "Type": 268,
    "Name": "灵液黏黏怪"
  },
  {
    "Type": 269,
    "Name": "生锈装甲骷髅"
  },
  {
    "Type": 270,
    "Name": "生锈装甲骷髅"
  },
  {
    "Type": 271,
    "Name": "生锈装甲骷髅"
  },
  {
    "Type": 272,
    "Name": "生锈装甲骷髅"
  },
  {
    "Type": 273,
    "Name": "蓝装甲骷髅"
  },
  {
    "Type": 274,
    "Name": "蓝装甲骷髅"
  },
  {
    "Type": 275,
    "Name": "蓝装甲骷髅"
  },
  {
    "Type": 276,
    "Name": "蓝装甲骷髅"
  },
  {
    "Type": 277,
    "Name": "地狱装甲骷髅"
  },
  {
    "Type": 278,
    "Name": "地狱装甲骷髅"
  },
  {
    "Type": 279,
    "Name": "地狱装甲骷髅"
  },
  {
    "Type": 280,
    "Name": "地狱装甲骷髅"
  },
  {
    "Type": 281,
    "Name": "褴褛邪教徒法师"
  },
  {
    "Type": 282,
    "Name": "褴褛邪教徒法师"
  },
  {
    "Type": 283,
    "Name": "死灵法师"
  },
  {
    "Type": 284,
    "Name": "死灵法师"
  },
  {
    "Type": 285,
    "Name": "魔教徒"
  },
  {
    "Type": 286,
    "Name": "魔教徒"
  },
  {
    "Type": 287,
    "Name": "骷髅李小龙"
  },
  {
    "Type": 288,
    "Name": "地牢幽魂"
  },
  {
    "Type": 289,
    "Name": "巨型诅咒骷髅头"
  },
  {
    "Type": 290,
    "Name": "圣骑士"
  },
  {
    "Type": 291,
    "Name": "骷髅狙击手"
  },
  {
    "Type": 292,
    "Name": "骷髅特警"
  },
  {
    "Type": 293,
    "Name": "骷髅突击手"
  },
  {
    "Type": 294,
    "Name": "愤怒骷髅怪"
  },
  {
    "Type": 295,
    "Name": "愤怒骷髅怪"
  },
  {
    "Type": 296,
    "Name": "愤怒骷髅怪"
  },
  {
    "Type": 297,
    "Name": "冠蓝鸦"
  },
  {
    "Type": 298,
    "Name": "红雀"
  },
  {
    "Type": 299,
    "Name": "松鼠"
  },
  {
    "Type": 300,
    "Name": "老鼠"
  },
  {
    "Type": 301,
    "Name": "乌鸦"
  },
  {
    "Type": 302,
    "Name": "史莱姆"
  },
  {
    "Type": 303,
    "Name": "兔兔"
  },
  {
    "Type": 304,
    "Name": "弹跳杰克南瓜灯"
  },
  {
    "Type": 305,
    "Name": "稻草人"
  },
  {
    "Type": 306,
    "Name": "稻草人"
  },
  {
    "Type": 307,
    "Name": "稻草人"
  },
  {
    "Type": 308,
    "Name": "稻草人"
  },
  {
    "Type": 309,
    "Name": "稻草人"
  },
  {
    "Type": 310,
    "Name": "稻草人"
  },
  {
    "Type": 311,
    "Name": "稻草人"
  },
  {
    "Type": 312,
    "Name": "稻草人"
  },
  {
    "Type": 313,
    "Name": "稻草人"
  },
  {
    "Type": 314,
    "Name": "稻草人"
  },
  {
    "Type": 315,
    "Name": "无头骑士"
  },
  {
    "Type": 316,
    "Name": "鬼魂"
  },
  {
    "Type": 317,
    "Name": "恶魔眼"
  },
  {
    "Type": 318,
    "Name": "恶魔眼"
  },
  {
    "Type": 319,
    "Name": "僵尸"
  },
  {
    "Type": 320,
    "Name": "僵尸"
  },
  {
    "Type": 321,
    "Name": "僵尸"
  },
  {
    "Type": 322,
    "Name": "骷髅"
  },
  {
    "Type": 323,
    "Name": "骷髅"
  },
  {
    "Type": 324,
    "Name": "骷髅"
  },
  {
    "Type": 325,
    "Name": "哀木"
  },
  {
    "Type": 326,
    "Name": "树精"
  },
  {
    "Type": 327,
    "Name": "南瓜王"
  },
  {
    "Type": 328,
    "Name": "南瓜王"
  },
  {
    "Type": 329,
    "Name": "地狱犬"
  },
  {
    "Type": 330,
    "Name": "胡闹鬼"
  },
  {
    "Type": 331,
    "Name": "僵尸"
  },
  {
    "Type": 332,
    "Name": "僵尸"
  },
  {
    "Type": 333,
    "Name": "史莱姆"
  },
  {
    "Type": 334,
    "Name": "史莱姆"
  },
  {
    "Type": 335,
    "Name": "史莱姆"
  },
  {
    "Type": 336,
    "Name": "史莱姆"
  },
  {
    "Type": 337,
    "Name": "兔兔"
  },
  {
    "Type": 338,
    "Name": "僵尸精灵"
  },
  {
    "Type": 339,
    "Name": "僵尸精灵"
  },
  {
    "Type": 340,
    "Name": "僵尸精灵"
  },
  {
    "Type": 341,
    "Name": "礼物宝箱怪"
  },
  {
    "Type": 342,
    "Name": "姜饼人"
  },
  {
    "Type": 343,
    "Name": "雪兽"
  },
  {
    "Type": 344,
    "Name": "常绿尖叫怪"
  },
  {
    "Type": 345,
    "Name": "冰雪女王"
  },
  {
    "Type": 346,
    "Name": "圣诞坦克"
  },
  {
    "Type": 347,
    "Name": "精灵直升机"
  },
  {
    "Type": 348,
    "Name": "胡桃夹士"
  },
  {
    "Type": 349,
    "Name": "胡桃夹士"
  },
  {
    "Type": 350,
    "Name": "精灵弓箭手"
  },
  {
    "Type": 351,
    "Name": "坎卜斯"
  },
  {
    "Type": 352,
    "Name": "雪花怪"
  },
  {
    "Type": 353,
    "Name": "发型师"
  },
  {
    "Type": 354,
    "Name": "织网发型师"
  },
  {
    "Type": 355,
    "Name": "萤火虫"
  },
  {
    "Type": 356,
    "Name": "蝴蝶"
  },
  {
    "Type": 357,
    "Name": "蠕虫"
  },
  {
    "Type": 358,
    "Name": "荧光虫"
  },
  {
    "Type": 359,
    "Name": "蜗牛"
  },
  {
    "Type": 360,
    "Name": "发光蜗牛"
  },
  {
    "Type": 361,
    "Name": "青蛙"
  },
  {
    "Type": 362,
    "Name": "鸭"
  },
  {
    "Type": 363,
    "Name": "鸭"
  },
  {
    "Type": 364,
    "Name": "鸭"
  },
  {
    "Type": 365,
    "Name": "鸭"
  },
  {
    "Type": 366,
    "Name": "蝎子"
  },
  {
    "Type": 367,
    "Name": "蝎子"
  },
  {
    "Type": 368,
    "Name": "旅商"
  },
  {
    "Type": 369,
    "Name": "渔夫"
  },
  {
    "Type": 370,
    "Name": "猪龙鱼公爵"
  },
  {
    "Type": 371,
    "Name": "爆炸泡泡"
  },
  {
    "Type": 372,
    "Name": "鲨鱼龙"
  },
  {
    "Type": 373,
    "Name": "鲨鱼龙"
  },
  {
    "Type": 374,
    "Name": "松露虫"
  },
  {
    "Type": 375,
    "Name": "松露虫"
  },
  {
    "Type": 376,
    "Name": "沉睡渔夫"
  },
  {
    "Type": 377,
    "Name": "蚱蜢"
  },
  {
    "Type": 378,
    "Name": "嗒嗒牙齿炸弹"
  },
  {
    "Type": 379,
    "Name": "邪教徒弓箭手"
  },
  {
    "Type": 380,
    "Name": "邪教徒弓箭手"
  },
  {
    "Type": 381,
    "Name": "扰脑怪"
  },
  {
    "Type": 382,
    "Name": "激光枪手"
  },
  {
    "Type": 383,
    "Name": "火星军官"
  },
  {
    "Type": 384,
    "Name": "泡泡护盾"
  },
  {
    "Type": 385,
    "Name": "灰咕噜兽旗"
  },
  {
    "Type": 386,
    "Name": "火星工程师"
  },
  {
    "Type": 387,
    "Name": "特斯拉炮塔"
  },
  {
    "Type": 388,
    "Name": "火星飞船"
  },
  {
    "Type": 389,
    "Name": "电击怪"
  },
  {
    "Type": 390,
    "Name": "鳞甲怪枪手"
  },
  {
    "Type": 391,
    "Name": "鳞甲怪"
  },
  {
    "Type": 392,
    "Name": "火星飞碟"
  },
  {
    "Type": 393,
    "Name": "火星飞碟炮塔"
  },
  {
    "Type": 394,
    "Name": "火星飞碟炮"
  },
  {
    "Type": 395,
    "Name": "火星飞碟"
  },
  {
    "Type": 396,
    "Name": "月亮领主"
  },
  {
    "Type": 397,
    "Name": "月亮领主手"
  },
  {
    "Type": 398,
    "Name": "月亮领主心脏"
  },
  {
    "Type": 399,
    "Name": "火星探测器"
  },
  {
    "Type": 400,
    "Name": "克苏鲁真眼"
  },
  {
    "Type": 401,
    "Name": "月蛭凝块"
  },
  {
    "Type": 402,
    "Name": "银河织妖"
  },
  {
    "Type": 403,
    "Name": "NPCName.StardustWormBody"
  },
  {
    "Type": 404,
    "Name": "NPCName.StardustWormTail"
  },
  {
    "Type": 405,
    "Name": "星细胞"
  },
  {
    "Type": 406,
    "Name": "星细胞"
  },
  {
    "Type": 407,
    "Name": "流体入侵怪"
  },
  {
    "Type": 408,
    "Name": "NPCName.StardustJellyfishSmall"
  },
  {
    "Type": 409,
    "Name": "闪耀炮手"
  },
  {
    "Type": 410,
    "Name": "闪耀怪"
  },
  {
    "Type": 411,
    "Name": "观星怪"
  },
  {
    "Type": 412,
    "Name": "千足蜈蚣"
  },
  {
    "Type": 413,
    "Name": "千足蜈蚣"
  },
  {
    "Type": 414,
    "Name": "千足蜈蚣"
  },
  {
    "Type": 415,
    "Name": "火龙怪"
  },
  {
    "Type": 416,
    "Name": "火龙怪骑士"
  },
  {
    "Type": 417,
    "Name": "火滚怪"
  },
  {
    "Type": 418,
    "Name": "流星火怪"
  },
  {
    "Type": 419,
    "Name": "火月怪"
  },
  {
    "Type": 420,
    "Name": "星云浮怪"
  },
  {
    "Type": 421,
    "Name": "吮脑怪"
  },
  {
    "Type": 422,
    "Name": "星旋柱"
  },
  {
    "Type": 423,
    "Name": "进化兽"
  },
  {
    "Type": 424,
    "Name": "预言帝"
  },
  {
    "Type": 425,
    "Name": "漩泥怪"
  },
  {
    "Type": 426,
    "Name": "异星蜂王"
  },
  {
    "Type": 427,
    "Name": "异星黄蜂"
  },
  {
    "Type": 428,
    "Name": "异星幼虫"
  },
  {
    "Type": 429,
    "Name": "星旋怪"
  },
  {
    "Type": 430,
    "Name": "僵尸"
  },
  {
    "Type": 431,
    "Name": "冰冻僵尸"
  },
  {
    "Type": 432,
    "Name": "僵尸"
  },
  {
    "Type": 433,
    "Name": "僵尸"
  },
  {
    "Type": 434,
    "Name": "僵尸"
  },
  {
    "Type": 435,
    "Name": "僵尸"
  },
  {
    "Type": 436,
    "Name": "僵尸"
  },
  {
    "Type": 437,
    "Name": "神秘碑牌"
  },
  {
    "Type": 438,
    "Name": "拜月教忠教徒"
  },
  {
    "Type": 439,
    "Name": "拜月教邪教徒"
  },
  {
    "Type": 440,
    "Name": "拜月教邪教徒"
  },
  {
    "Type": 441,
    "Name": "税收官"
  },
  {
    "Type": 442,
    "Name": "金鸟"
  },
  {
    "Type": 443,
    "Name": "金兔"
  },
  {
    "Type": 444,
    "Name": "金蝴蝶"
  },
  {
    "Type": 445,
    "Name": "金蛙"
  },
  {
    "Type": 446,
    "Name": "金蚱蜢"
  },
  {
    "Type": 447,
    "Name": "金老鼠"
  },
  {
    "Type": 448,
    "Name": "金蠕虫"
  },
  {
    "Type": 449,
    "Name": "骷髅"
  },
  {
    "Type": 450,
    "Name": "骷髅"
  },
  {
    "Type": 451,
    "Name": "骷髅"
  },
  {
    "Type": 452,
    "Name": "骷髅"
  },
  {
    "Type": 453,
    "Name": "骷髅商人"
  },
  {
    "Type": 454,
    "Name": "幻影弓龙"
  },
  {
    "Type": 455,
    "Name": "幻影弓龙"
  },
  {
    "Type": 456,
    "Name": "幻影弓龙"
  },
  {
    "Type": 457,
    "Name": "幻影弓龙"
  },
  {
    "Type": 458,
    "Name": "幻影弓龙"
  },
  {
    "Type": 459,
    "Name": "幻影弓龙"
  },
  {
    "Type": 460,
    "Name": "屠夫"
  },
  {
    "Type": 461,
    "Name": "水月怪"
  },
  {
    "Type": 462,
    "Name": "弗里茨"
  },
  {
    "Type": 463,
    "Name": "钉头"
  },
  {
    "Type": 464,
    "Name": "毒兔兔"
  },
  {
    "Type": 465,
    "Name": "毒金鱼"
  },
  {
    "Type": 466,
    "Name": "变态人"
  },
  {
    "Type": 467,
    "Name": "致命球"
  },
  {
    "Type": 468,
    "Name": "飞人博士"
  },
  {
    "Type": 469,
    "Name": "攀爬魔"
  },
  {
    "Type": 470,
    "Name": "毒企鹅"
  },
  {
    "Type": 471,
    "Name": "哥布林召唤师"
  },
  {
    "Type": 472,
    "Name": "暗影焰幻鬼"
  },
  {
    "Type": 473,
    "Name": "腐化宝箱怪"
  },
  {
    "Type": 474,
    "Name": "猩红宝箱怪"
  },
  {
    "Type": 475,
    "Name": "神圣宝箱怪"
  },
  {
    "Type": 476,
    "Name": "丛林宝箱怪"
  },
  {
    "Type": 477,
    "Name": "蛾怪"
  },
  {
    "Type": 478,
    "Name": "蛾怪蛋"
  },
  {
    "Type": 479,
    "Name": "蛾怪宝宝"
  },
  {
    "Type": 480,
    "Name": "蛇发女妖"
  },
  {
    "Type": 481,
    "Name": "装甲步兵"
  },
  {
    "Type": 482,
    "Name": "花岗岩巨人"
  },
  {
    "Type": 483,
    "Name": "花岗精"
  },
  {
    "Type": 484,
    "Name": "附魔夜行者"
  },
  {
    "Type": 485,
    "Name": "蛆虫"
  },
  {
    "Type": 486,
    "Name": "鼻涕虫"
  },
  {
    "Type": 487,
    "Name": "蚜虫"
  },
  {
    "Type": 488,
    "Name": "傀儡"
  },
  {
    "Type": 489,
    "Name": "血腥僵尸"
  },
  {
    "Type": 490,
    "Name": "滴滴怪"
  },
  {
    "Type": 491,
    "Name": "荷兰飞盗船"
  },
  {
    "Type": 492,
    "Name": "荷兰大炮"
  },
  {
    "Type": 493,
    "Name": "星尘柱"
  },
  {
    "Type": 494,
    "Name": "龙虾"
  },
  {
    "Type": 495,
    "Name": "龙虾"
  },
  {
    "Type": 496,
    "Name": "巨型卷壳怪"
  },
  {
    "Type": 497,
    "Name": "巨型卷壳怪"
  },
  {
    "Type": 498,
    "Name": "蝾螈"
  },
  {
    "Type": 499,
    "Name": "蝾螈"
  },
  {
    "Type": 500,
    "Name": "蝾螈"
  },
  {
    "Type": 501,
    "Name": "蝾螈"
  },
  {
    "Type": 502,
    "Name": "蝾螈"
  },
  {
    "Type": 503,
    "Name": "蝾螈"
  },
  {
    "Type": 504,
    "Name": "蝾螈"
  },
  {
    "Type": 505,
    "Name": "蝾螈"
  },
  {
    "Type": 506,
    "Name": "蝾螈"
  },
  {
    "Type": 507,
    "Name": "星云柱"
  },
  {
    "Type": 508,
    "Name": "巨型蚁狮马"
  },
  {
    "Type": 509,
    "Name": "巨型蚁狮蜂"
  },
  {
    "Type": 510,
    "Name": "沙虫"
  },
  {
    "Type": 511,
    "Name": "沙虫"
  },
  {
    "Type": 512,
    "Name": "沙虫"
  },
  {
    "Type": 513,
    "Name": "墓穴爬虫"
  },
  {
    "Type": 514,
    "Name": "墓穴爬虫"
  },
  {
    "Type": 515,
    "Name": "墓穴爬虫"
  },
  {
    "Type": 516,
    "Name": "耀斑"
  },
  {
    "Type": 517,
    "Name": "日耀柱"
  },
  {
    "Type": 518,
    "Name": "火龙战士"
  },
  {
    "Type": 519,
    "Name": "日耀碎片"
  },
  {
    "Type": 520,
    "Name": "火星走妖"
  },
  {
    "Type": 521,
    "Name": "远古幻影妖"
  },
  {
    "Type": 522,
    "Name": "远古光明妖"
  },
  {
    "Type": 523,
    "Name": "远古噩运妖"
  },
  {
    "Type": 524,
    "Name": "食尸鬼"
  },
  {
    "Type": 525,
    "Name": "腐恶食尸鬼"
  },
  {
    "Type": 526,
    "Name": "红染食尸鬼"
  },
  {
    "Type": 527,
    "Name": "神梦食尸鬼"
  },
  {
    "Type": 528,
    "Name": "拉弥亚"
  },
  {
    "Type": 529,
    "Name": "拉弥亚"
  },
  {
    "Type": 530,
    "Name": "沙贼"
  },
  {
    "Type": 531,
    "Name": "沙贼"
  },
  {
    "Type": 532,
    "Name": "蛇蜥怪"
  },
  {
    "Type": 533,
    "Name": "沙漠幽魂"
  },
  {
    "Type": 534,
    "Name": "痛苦亡魂"
  },
  {
    "Type": 535,
    "Name": "尖刺史莱姆"
  },
  {
    "Type": 536,
    "Name": "新娘"
  },
  {
    "Type": 537,
    "Name": "沙史莱姆"
  },
  {
    "Type": 538,
    "Name": "红松鼠"
  },
  {
    "Type": 539,
    "Name": "金松鼠"
  },
  {
    "Type": 540,
    "Name": "兔兔"
  },
  {
    "Type": 541,
    "Name": "沙尘精"
  },
  {
    "Type": 542,
    "Name": "沙鲨"
  },
  {
    "Type": 543,
    "Name": "噬骨沙鲨"
  },
  {
    "Type": 544,
    "Name": "戮血沙鲨"
  },
  {
    "Type": 545,
    "Name": "晶狐沙鲨"
  },
  {
    "Type": 546,
    "Name": "愤怒翻滚怪"
  },
  {
    "Type": 547,
    "Name": "???"
  },
  {
    "Type": 548,
    "Name": "埃特尼亚水晶"
  },
  {
    "Type": 549,
    "Name": "神秘传送门"
  },
  {
    "Type": 550,
    "Name": "酒馆老板"
  },
  {
    "Type": 551,
    "Name": "双足翼龙"
  },
  {
    "Type": 552,
    "Name": "天国哥布林"
  },
  {
    "Type": 553,
    "Name": "天国哥布林"
  },
  {
    "Type": 554,
    "Name": "天国哥布林"
  },
  {
    "Type": 555,
    "Name": "天国哥布林投弹手"
  },
  {
    "Type": 556,
    "Name": "天国哥布林投弹手"
  },
  {
    "Type": 557,
    "Name": "天国哥布林投弹手"
  },
  {
    "Type": 558,
    "Name": "天国飞龙"
  },
  {
    "Type": 559,
    "Name": "天国飞龙"
  },
  {
    "Type": 560,
    "Name": "天国飞龙"
  },
  {
    "Type": 561,
    "Name": "天国标枪投掷怪"
  },
  {
    "Type": 562,
    "Name": "天国标枪投掷怪"
  },
  {
    "Type": 563,
    "Name": "天国标枪投掷怪"
  },
  {
    "Type": 564,
    "Name": "黑暗魔法师"
  },
  {
    "Type": 565,
    "Name": "黑暗魔法师"
  },
  {
    "Type": 566,
    "Name": "撒旦骷髅"
  },
  {
    "Type": 567,
    "Name": "撒旦骷髅"
  },
  {
    "Type": 568,
    "Name": "枯萎兽"
  },
  {
    "Type": 569,
    "Name": "枯萎兽"
  },
  {
    "Type": 570,
    "Name": "德拉克龙"
  },
  {
    "Type": 571,
    "Name": "德拉克龙"
  },
  {
    "Type": 572,
    "Name": "小妖魔"
  },
  {
    "Type": 573,
    "Name": "小妖魔"
  },
  {
    "Type": 574,
    "Name": "小妖魔滑翔怪"
  },
  {
    "Type": 575,
    "Name": "小妖魔滑翔怪"
  },
  {
    "Type": 576,
    "Name": "食人魔"
  },
  {
    "Type": 577,
    "Name": "食人魔"
  },
  {
    "Type": 578,
    "Name": "天国荧光虫"
  },
  {
    "Type": 579,
    "Name": "昏迷男子"
  },
  {
    "Type": 580,
    "Name": "蚁狮马"
  },
  {
    "Type": 581,
    "Name": "蚁狮蜂"
  },
  {
    "Type": 582,
    "Name": "蚁狮幼虫"
  },
  {
    "Type": 583,
    "Name": "粉仙灵"
  },
  {
    "Type": 584,
    "Name": "绿仙灵"
  },
  {
    "Type": 585,
    "Name": "蓝仙灵"
  },
  {
    "Type": 586,
    "Name": "僵尸人鱼"
  },
  {
    "Type": 587,
    "Name": "游荡眼球怪鱼"
  },
  {
    "Type": 588,
    "Name": "高尔夫球手"
  },
  {
    "Type": 589,
    "Name": "高尔夫球手"
  },
  {
    "Type": 590,
    "Name": "僵尸"
  },
  {
    "Type": 591,
    "Name": "僵尸"
  },
  {
    "Type": 592,
    "Name": "金金鱼"
  },
  {
    "Type": 593,
    "Name": "金金鱼"
  },
  {
    "Type": 594,
    "Name": "大风气球怪"
  },
  {
    "Type": 595,
    "Name": "蜻蜓"
  },
  {
    "Type": 596,
    "Name": "蜻蜓"
  },
  {
    "Type": 597,
    "Name": "蜻蜓"
  },
  {
    "Type": 598,
    "Name": "蜻蜓"
  },
  {
    "Type": 599,
    "Name": "蜻蜓"
  },
  {
    "Type": 600,
    "Name": "蜻蜓"
  },
  {
    "Type": 601,
    "Name": "金蜻蜓"
  },
  {
    "Type": 602,
    "Name": "海鸥"
  },
  {
    "Type": 603,
    "Name": "海鸥"
  },
  {
    "Type": 604,
    "Name": "瓢虫"
  },
  {
    "Type": 605,
    "Name": "金瓢虫"
  },
  {
    "Type": 606,
    "Name": "蝇蛆"
  },
  {
    "Type": 607,
    "Name": "鳉鱼"
  },
  {
    "Type": 608,
    "Name": "䴙䴘"
  },
  {
    "Type": 609,
    "Name": "䴙䴘"
  },
  {
    "Type": 610,
    "Name": "大鼠"
  },
  {
    "Type": 611,
    "Name": "猫头鹰"
  },
  {
    "Type": 612,
    "Name": "水黾"
  },
  {
    "Type": 613,
    "Name": "金水黾"
  },
  {
    "Type": 614,
    "Name": "爆炸兔"
  },
  {
    "Type": 615,
    "Name": "海豚"
  },
  {
    "Type": 616,
    "Name": "龟"
  },
  {
    "Type": 617,
    "Name": "丛林龟"
  },
  {
    "Type": 618,
    "Name": "恐惧鹦鹉螺"
  },
  {
    "Type": 619,
    "Name": "血乌贼"
  },
  {
    "Type": 620,
    "Name": "血浆哥布林鲨鱼"
  },
  {
    "Type": 621,
    "Name": "血鳗鱼"
  },
  {
    "Type": 622,
    "Name": "血鳗鱼"
  },
  {
    "Type": 623,
    "Name": "血鳗鱼"
  },
  {
    "Type": 624,
    "Name": "侏儒"
  },
  {
    "Type": 625,
    "Name": "海龟"
  },
  {
    "Type": 626,
    "Name": "海马"
  },
  {
    "Type": 627,
    "Name": "金海马"
  },
  {
    "Type": 628,
    "Name": "愤怒蒲公英"
  },
  {
    "Type": 629,
    "Name": "冰雪宝箱怪"
  },
  {
    "Type": 630,
    "Name": "血木乃伊"
  },
  {
    "Type": 631,
    "Name": "岩石巨人"
  },
  {
    "Type": 632,
    "Name": "蝇蛆僵尸"
  },
  {
    "Type": 633,
    "Name": "动物学家"
  },
  {
    "Type": 634,
    "Name": "孢子蝙蝠"
  },
  {
    "Type": 635,
    "Name": "孢子骷髅"
  },
  {
    "Type": 636,
    "Name": "光之女皇"
  },
  {
    "Type": 637,
    "Name": "猫咪"
  },
  {
    "Type": 638,
    "Name": "狗狗"
  },
  {
    "Type": 639,
    "Name": "紫晶松鼠"
  },
  {
    "Type": 640,
    "Name": "黄玉松鼠"
  },
  {
    "Type": 641,
    "Name": "蓝玉松鼠"
  },
  {
    "Type": 642,
    "Name": "翡翠松鼠"
  },
  {
    "Type": 643,
    "Name": "红玉松鼠"
  },
  {
    "Type": 644,
    "Name": "钻石松鼠"
  },
  {
    "Type": 645,
    "Name": "琥珀松鼠"
  },
  {
    "Type": 646,
    "Name": "紫晶兔兔"
  },
  {
    "Type": 647,
    "Name": "黄玉兔兔"
  },
  {
    "Type": 648,
    "Name": "蓝玉兔兔"
  },
  {
    "Type": 649,
    "Name": "翡翠兔兔"
  },
  {
    "Type": 650,
    "Name": "红玉兔兔"
  },
  {
    "Type": 651,
    "Name": "钻石兔兔"
  },
  {
    "Type": 652,
    "Name": "琥珀兔兔"
  },
  {
    "Type": 653,
    "Name": "地狱蝴蝶"
  },
  {
    "Type": 654,
    "Name": "熔岩蝇"
  },
  {
    "Type": 655,
    "Name": "岩浆蜗牛"
  },
  {
    "Type": 656,
    "Name": "兔兔"
  },
  {
    "Type": 657,
    "Name": "史莱姆皇后"
  },
  {
    "Type": 658,
    "Name": "水晶史莱姆"
  },
  {
    "Type": 659,
    "Name": "弹力史莱姆"
  },
  {
    "Type": 660,
    "Name": "飞翔史莱姆"
  },
  {
    "Type": 661,
    "Name": "七彩草蛉"
  },
  {
    "Type": 662,
    "Name": "海盗诅咒"
  },
  {
    "Type": 663,
    "Name": "公主"
  },
  {
    "Type": 664,
    "Name": "火把神"
  },
  {
    "Type": 665,
    "Name": "混沌球"
  },
  {
    "Type": 666,
    "Name": "魔唾液"
  }
]