[
  {
    "Type": 0,
    "Name": ""
  },
  {
    "Type": 1,
    "Name": "Blue Slime"
  },
  {
    "Type": 2,
    "Name": "Demon Eye"
  },
  {
    "Type": 3,
    "Name": "Zombie"
  },
  {
    "Type": 4,
    "Name": "Eye of Cthulhu"
  },
  {
    "Type": 5,
    "Name": "Servant of Cthulhu"
  },
  {
    "Type": 6,
    "Name": "Eater of Souls"
  },
  {
    "Type": 7,
    "Name": "Devourer"
  },
  {
    "Type": 8,
    "Name": "Devourer"
  },
  {
    "Type": 9,
    "Name": "Devourer"
  },
  {
    "Type": 10,
    "Name": "Giant Worm"
  },
  {
    "Type": 11,
    "Name": "Giant Worm"
  },
  {
    "Type": 12,
    "Name": "Giant Worm"
  },
  {
    "Type": 13,
    "Name": "Eater of Worlds"
  },
  {
    "Type": 14,
    "Name": "Eater of Worlds"
  },
  {
    "Type": 15,
    "Name": "Eater of Worlds"
  },
  {
    "Type": 16,
    "Name": "Mother Slime"
  },
  {
    "Type": 17,
    "Name": "Merchant"
  },
  {
    "Type": 18,
    "Name": "Nurse"
  },
  {
    "Type": 19,
    "Name": "Arms Dealer"
  },
  {
    "Type": 20,
    "Name": "Dryad"
  },
  {
    "Type": 21,
    "Name": "Skeleton"
  },
  {
    "Type": 22,
    "Name": "Guide"
  },
  {
    "Type": 23,
    "Name": "Meteor Head"
  },
  {
    "Type": 24,
    "Name": "Fire Imp"
  },
  {
    "Type": 25,
    "Name": "Burning Sphere"
  },
  {
    "Type": 26,
    "Name": "Goblin Peon"
  },
  {
    "Type": 27,
    "Name": "Goblin Thief"
  },
  {
    "Type": 28,
    "Name": "Goblin Warrior"
  },
  {
    "Type": 29,
    "Name": "Goblin Sorcerer"
  },
  {
    "Type": 30,
    "Name": "Chaos Ball"
  },
  {
    "Type": 31,
    "Name": "Angry Bones"
  },
  {
    "Type": 32,
    "Name": "Dark Caster"
  },
  {
    "Type": 33,
    "Name": "Water Sphere"
  },
  {
    "Type": 34,
    "Name": "Cursed Skull"
  },
  {
    "Type": 35,
    "Name": "Skeletron"
  },
  {
    "Type": 36,
    "Name": "Skeletron"
  },
  {
    "Type": 37,
    "Name": "Old Man"
  },
  {
    "Type": 38,
    "Name": "Demolitionist"
  },
  {
    "Type": 39,
    "Name": "Bone Serpent"
  },
  {
    "Type": 40,
    "Name": "Bone Serpent"
  },
  {
    "Type": 41,
    "Name": "Bone Serpent"
  },
  {
    "Type": 42,
    "Name": "Hornet"
  },
  {
    "Type": 43,
    "Name": "Man Eater"
  },
  {
    "Type": 44,
    "Name": "Undead Miner"
  },
  {
    "Type": 45,
    "Name": "Tim"
  },
  {
    "Type": 46,
    "Name": "Bunny"
  },
  {
    "Type": 47,
    "Name": "Corrupt Bunny"
  },
  {
    "Type": 48,
    "Name": "Harpy"
  },
  {
    "Type": 49,
    "Name": "Cave Bat"
  },
  {
    "Type": 50,
    "Name": "King Slime"
  },
  {
    "Type": 51,
    "Name": "Jungle Bat"
  },
  {
    "Type": 52,
    "Name": "Doctor Bones"
  },
  {
    "Type": 53,
    "Name": "The Groom"
  },
  {
    "Type": 54,
    "Name": "Clothier"
  },
  {
    "Type": 55,
    "Name": "Goldfish"
  },
  {
    "Type": 56,
    "Name": "Snatcher"
  },
  {
    "Type": 57,
    "Name": "Corrupt Goldfish"
  },
  {
    "Type": 58,
    "Name": "Piranha"
  },
  {
    "Type": 59,
    "Name": "Lava Slime"
  },
  {
    "Type": 60,
    "Name": "Hellbat"
  },
  {
    "Type": 61,
    "Name": "Vulture"
  },
  {
    "Type": 62,
    "Name": "Demon"
  },
  {
    "Type": 63,
    "Name": "Blue Jellyfish"
  },
  {
    "Type": 64,
    "Name": "Pink Jellyfish"
  },
  {
    "Type": 65,
    "Name": "Shark"
  },
  {
    "Type": 66,
    "Name": "Voodoo Demon"
  },
  {
    "Type": 67,
    "Name": "Crab"
  },
  {
    "Type": 68,
    "Name": "Dungeon Guardian"
  },
  {
    "Type": 69,
    "Name": "Antlion"
  },
  {
    "Type": 70,
    "Name": "Spike Ball"
  },
  {
    "Type": 71,
    "Name": "Dungeon Slime"
  },
  {
    "Type": 72,
    "Name": "Blazing Wheel"
  },
  {
    "Type": 73,
    "Name": "Goblin Scout"
  },
  {
    "Type": 74,
    "Name": "Bird"
  },
  {
    "Type": 75,
    "Name": "Pixie"
  },
  {
    "Type": 76,
    "Name": "NPCName.None2"
  },
  {
    "Type": 77,
    "Name": "Armored Skeleton"
  },
  {
    "Type": 78,
    "Name": "Mummy"
  },
  {
    "Type": 79,
    "Name": "Dark Mummy"
  },
  {
    "Type": 80,
    "Name": "Light Mummy"
  },
  {
    "Type": 81,
    "Name": "Corrupt Slime"
  },
  {
    "Type": 82,
    "Name": "Wraith"
  },
  {
    "Type": 83,
    "Name": "Cursed Hammer"
  },
  {
    "Type": 84,
    "Name": "Enchanted Sword"
  },
  {
    "Type": 85,
    "Name": "Mimic"
  },
  {
    "Type": 86,
    "Name": "Unicorn"
  },
  {
    "Type": 87,
    "Name": "Wyvern"
  },
  {
    "Type": 88,
    "Name": "Wyvern"
  },
  {
    "Type": 89,
    "Name": "Wyvern"
  },
  {
    "Type": 90,
    "Name": "Wyvern"
  },
  {
    "Type": 91,
    "Name": "Wyvern"
  },
  {
    "Type": 92,
    "Name": "Wyvern"
  },
  {
    "Type": 93,
    "Name": "Giant Bat"
  },
  {
    "Type": 94,
    "Name": "Corruptor"
  },
  {
    "Type": 95,
    "Name": "Digger"
  },
  {
    "Type": 96,
    "Name": "Digger"
  },
  {
    "Type": 97,
    "Name": "Digger"
  },
  {
    "Type": 98,
    "Name": "World Feeder"
  },
  {
    "Type": 99,
    "Name": "World Feeder"
  },
  {
    "Type": 100,
    "Name": "World Feeder"
  },
  {
    "Type": 101,
    "Name": "Clinger"
  },
  {
    "Type": 102,
    "Name": "Angler Fish"
  },
  {
    "Type": 103,
    "Name": "Green Jellyfish"
  },
  {
    "Type": 104,
    "Name": "Werewolf"
  },
  {
    "Type": 105,
    "Name": "Bound Goblin"
  },
  {
    "Type": 106,
    "Name": "Bound Wizard"
  },
  {
    "Type": 107,
    "Name": "Goblin Tinkerer"
  },
  {
    "Type": 108,
    "Name": "Wizard"
  },
  {
    "Type": 109,
    "Name": "Clown"
  },
  {
    "Type": 110,
    "Name": "Skeleton Archer"
  },
  {
    "Type": 111,
    "Name": "Goblin Archer"
  },
  {
    "Type": 112,
    "Name": "Vile Spit"
  },
  {
    "Type": 113,
    "Name": "Wall of Flesh"
  },
  {
    "Type": 114,
    "Name": "Wall of Flesh"
  },
  {
    "Type": 115,
    "Name": "The Hungry"
  },
  {
    "Type": 116,
    "Name": "The Hungry"
  },
  {
    "Type": 117,
    "Name": "Leech"
  },
  {
    "Type": 118,
    "Name": "Leech"
  },
  {
    "Type": 119,
    "Name": "Leech"
  },
  {
    "Type": 120,
    "Name": "Chaos Elemental"
  },
  {
    "Type": 121,
    "Name": "Slimer"
  },
  {
    "Type": 122,
    "Name": "Gastropod"
  },
  {
    "Type": 123,
    "Name": "Bound Mechanic"
  },
  {
    "Type": 124,
    "Name": "Mechanic"
  },
  {
    "Type": 125,
    "Name": "Retinazer"
  },
  {
    "Type": 126,
    "Name": "Spazmatism"
  },
  {
    "Type": 127,
    "Name": "Skeletron Prime"
  },
  {
    "Type": 128,
    "Name": "Prime Cannon"
  },
  {
    "Type": 129,
    "Name": "Prime Saw"
  },
  {
    "Type": 130,
    "Name": "Prime Vice"
  },
  {
    "Type": 131,
    "Name": "Prime Laser"
  },
  {
    "Type": 132,
    "Name": "Zombie"
  },
  {
    "Type": 133,
    "Name": "Wandering Eye"
  },
  {
    "Type": 134,
    "Name": "The Destroyer"
  },
  {
    "Type": 135,
    "Name": "The Destroyer"
  },
  {
    "Type": 136,
    "Name": "The Destroyer"
  },
  {
    "Type": 137,
    "Name": "Illuminant Bat"
  },
  {
    "Type": 138,
    "Name": "Illuminant Slime"
  },
  {
    "Type": 139,
    "Name": "Probe"
  },
  {
    "Type": 140,
    "Name": "Possessed Armor"
  },
  {
    "Type": 141,
    "Name": "Toxic Sludge"
  },
  {
    "Type": 142,
    "Name": "Santa Claus"
  },
  {
    "Type": 143,
    "Name": "Snowman Gangsta"
  },
  {
    "Type": 144,
    "Name": "Mister Stabby"
  },
  {
    "Type": 145,
    "Name": "Snow Balla"
  },
  {
    "Type": 146,
    "Name": "NPCName.None3"
  },
  {
    "Type": 147,
    "Name": "Ice Slime"
  },
  {
    "Type": 148,
    "Name": "Penguin"
  },
  {
    "Type": 149,
    "Name": "Penguin"
  },
  {
    "Type": 150,
    "Name": "Ice Bat"
  },
  {
    "Type": 151,
    "Name": "Lava Bat"
  },
  {
    "Type": 152,
    "Name": "Giant Flying Fox"
  },
  {
    "Type": 153,
    "Name": "Giant Tortoise"
  },
  {
    "Type": 154,
    "Name": "Ice Tortoise"
  },
  {
    "Type": 155,
    "Name": "Wolf"
  },
  {
    "Type": 156,
    "Name": "Red Devil"
  },
  {
    "Type": 157,
    "Name": "Arapaima"
  },
  {
    "Type": 158,
    "Name": "Vampire"
  },
  {
    "Type": 159,
    "Name": "Vampire"
  },
  {
    "Type": 160,
    "Name": "Truffle"
  },
  {
    "Type": 161,
    "Name": "Frozen Zombie"
  },
  {
    "Type": 162,
    "Name": "Frankenstein"
  },
  {
    "Type": 163,
    "Name": "Black Recluse"
  },
  {
    "Type": 164,
    "Name": "Wall Creeper"
  },
  {
    "Type": 165,
    "Name": "Wall Creeper"
  },
  {
    "Type": 166,
    "Name": "Swamp Thing"
  },
  {
    "Type": 167,
    "Name": "Undead Viking"
  },
  {
    "Type": 168,
    "Name": "Corrupt Penguin"
  },
  {
    "Type": 169,
    "Name": "Ice Elemental"
  },
  {
    "Type": 170,
    "Name": "Pigron"
  },
  {
    "Type": 171,
    "Name": "Pigron"
  },
  {
    "Type": 172,
    "Name": "Rune Wizard"
  },
  {
    "Type": 173,
    "Name": "Crimera"
  },
  {
    "Type": 174,
    "Name": "Herpling"
  },
  {
    "Type": 175,
    "Name": "Angry Trapper"
  },
  {
    "Type": 176,
    "Name": "Moss Hornet"
  },
  {
    "Type": 177,
    "Name": "Derpling"
  },
  {
    "Type": 178,
    "Name": "Steampunker"
  },
  {
    "Type": 179,
    "Name": "Crimson Axe"
  },
  {
    "Type": 180,
    "Name": "Pigron"
  },
  {
    "Type": 181,
    "Name": "Face Monster"
  },
  {
    "Type": 182,
    "Name": "Floaty Gross"
  },
  {
    "Type": 183,
    "Name": "Crimslime"
  },
  {
    "Type": 184,
    "Name": "Spiked Ice Slime"
  },
  {
    "Type": 185,
    "Name": "Snow Flinx"
  },
  {
    "Type": 186,
    "Name": "Zombie"
  },
  {
    "Type": 187,
    "Name": "Zombie"
  },
  {
    "Type": 188,
    "Name": "Zombie"
  },
  {
    "Type": 189,
    "Name": "Zombie"
  },
  {
    "Type": 190,
    "Name": "Demon Eye"
  },
  {
    "Type": 191,
    "Name": "Demon Eye"
  },
  {
    "Type": 192,
    "Name": "Demon Eye"
  },
  {
    "Type": 193,
    "Name": "Demon Eye"
  },
  {
    "Type": 194,
    "Name": "Demon Eye"
  },
  {
    "Type": 195,
    "Name": "Lost Girl"
  },
  {
    "Type": 196,
    "Name": "Nymph"
  },
  {
    "Type": 197,
    "Name": "Armored Viking"
  },
  {
    "Type": 198,
    "Name": "Lihzahrd"
  },
  {
    "Type": 199,
    "Name": "Lihzahrd"
  },
  {
    "Type": 200,
    "Name": "Zombie"
  },
  {
    "Type": 201,
    "Name": "Skeleton"
  },
  {
    "Type": 202,
    "Name": "Skeleton"
  },
  {
    "Type": 203,
    "Name": "Skeleton"
  },
  {
    "Type": 204,
    "Name": "Spiked Jungle Slime"
  },
  {
    "Type": 205,
    "Name": "Moth"
  },
  {
    "Type": 206,
    "Name": "Icy Merman"
  },
  {
    "Type": 207,
    "Name": "Dye Trader"
  },
  {
    "Type": 208,
    "Name": "Party Girl"
  },
  {
    "Type": 209,
    "Name": "Cyborg"
  },
  {
    "Type": 210,
    "Name": "Bee"
  },
  {
    "Type": 211,
    "Name": "Bee"
  },
  {
    "Type": 212,
    "Name": "Pirate Deckhand"
  },
  {
    "Type": 213,
    "Name": "Pirate Corsair"
  },
  {
    "Type": 214,
    "Name": "Pirate Deadeye"
  },
  {
    "Type": 215,
    "Name": "Pirate Crossbower"
  },
  {
    "Type": 216,
    "Name": "Pirate Captain"
  },
  {
    "Type": 217,
    "Name": "Cochineal Beetle"
  },
  {
    "Type": 218,
    "Name": "Cyan Beetle"
  },
  {
    "Type": 219,
    "Name": "Lac Beetle"
  },
  {
    "Type": 220,
    "Name": "Sea Snail"
  },
  {
    "Type": 221,
    "Name": "Squid"
  },
  {
    "Type": 222,
    "Name": "Queen Bee"
  },
  {
    "Type": 223,
    "Name": "Raincoat Zombie"
  },
  {
    "Type": 224,
    "Name": "Flying Fish"
  },
  {
    "Type": 225,
    "Name": "Umbrella Slime"
  },
  {
    "Type": 226,
    "Name": "Flying Snake"
  },
  {
    "Type": 227,
    "Name": "Painter"
  },
  {
    "Type": 228,
    "Name": "Witch Doctor"
  },
  {
    "Type": 229,
    "Name": "Pirate"
  },
  {
    "Type": 230,
    "Name": "Goldfish"
  },
  {
    "Type": 231,
    "Name": "Hornet"
  },
  {
    "Type": 232,
    "Name": "Hornet"
  },
  {
    "Type": 233,
    "Name": "Hornet"
  },
  {
    "Type": 234,
    "Name": "Hornet"
  },
  {
    "Type": 235,
    "Name": "Hornet"
  },
  {
    "Type": 236,
    "Name": "Jungle Creeper"
  },
  {
    "Type": 237,
    "Name": "Jungle Creeper"
  },
  {
    "Type": 238,
    "Name": "Black Recluse"
  },
  {
    "Type": 239,
    "Name": "Blood Crawler"
  },
  {
    "Type": 240,
    "Name": "Blood Crawler"
  },
  {
    "Type": 241,
    "Name": "Blood Feeder"
  },
  {
    "Type": 242,
    "Name": "Blood Jelly"
  },
  {
    "Type": 243,
    "Name": "Ice Golem"
  },
  {
    "Type": 244,
    "Name": "Rainbow Slime"
  },
  {
    "Type": 245,
    "Name": "Golem"
  },
  {
    "Type": 246,
    "Name": "Golem Head"
  },
  {
    "Type": 247,
    "Name": "Golem Fist"
  },
  {
    "Type": 248,
    "Name": "Golem Fist"
  },
  {
    "Type": 249,
    "Name": "Golem Head"
  },
  {
    "Type": 250,
    "Name": "Angry Nimbus"
  },
  {
    "Type": 251,
    "Name": "Eyezor"
  },
  {
    "Type": 252,
    "Name": "Parrot"
  },
  {
    "Type": 253,
    "Name": "Reaper"
  },
  {
    "Type": 254,
    "Name": "Spore Zombie"
  },
  {
    "Type": 255,
    "Name": "Spore Zombie"
  },
  {
    "Type": 256,
    "Name": "Fungo Fish"
  },
  {
    "Type": 257,
    "Name": "Anomura Fungus"
  },
  {
    "Type": 258,
    "Name": "Mushi Ladybug"
  },
  {
    "Type": 259,
    "Name": "Fungi Bulb"
  },
  {
    "Type": 260,
    "Name": "Giant Fungi Bulb"
  },
  {
    "Type": 261,
    "Name": "Fungi Spore"
  },
  {
    "Type": 262,
    "Name": "Plantera"
  },
  {
    "Type": 263,
    "Name": "Plantera's Hook"
  },
  {
    "Type": 264,
    "Name": "Plantera's Tentacle"
  },
  {
    "Type": 265,
    "Name": "Spore"
  },
  {
    "Type": 266,
    "Name": "Brain of Cthulhu"
  },
  {
    "Type": 267,
    "Name": "Creeper"
  },
  {
    "Type": 268,
    "Name": "Ichor Sticker"
  },
  {
    "Type": 269,
    "Name": "Rusty Armored Bones"
  },
  {
    "Type": 270,
    "Name": "Rusty Armored Bones"
  },
  {
    "Type": 271,
    "Name": "Rusty Armored Bones"
  },
  {
    "Type": 272,
    "Name": "Rusty Armored Bones"
  },
  {
    "Type": 273,
    "Name": "Blue Armored Bones"
  },
  {
    "Type": 274,
    "Name": "Blue Armored Bones"
  },
  {
    "Type": 275,
    "Name": "Blue Armored Bones"
  },
  {
    "Type": 276,
    "Name": "Blue Armored Bones"
  },
  {
    "Type": 277,
    "Name": "Hell Armored Bones"
  },
  {
    "Type": 278,
    "Name": "Hell Armored Bones"
  },
  {
    "Type": 279,
    "Name": "Hell Armored Bones"
  },
  {
    "Type": 280,
    "Name": "Hell Armored Bones"
  },
  {
    "Type": 281,
    "Name": "Ragged Caster"
  },
  {
    "Type": 282,
    "Name": "Ragged Caster"
  },
  {
    "Type": 283,
    "Name": "Necromancer"
  },
  {
    "Type": 284,
    "Name": "Necromancer"
  },
  {
    "Type": 285,
    "Name": "Diabolist"
  },
  {
    "Type": 286,
    "Name": "Diabolist"
  },
  {
    "Type": 287,
    "Name": "Bone Lee"
  },
  {
    "Type": 288,
    "Name": "Dungeon Spirit"
  },
  {
    "Type": 289,
    "Name": "Giant Cursed Skull"
  },
  {
    "Type": 290,
    "Name": "Paladin"
  },
  {
    "Type": 291,
    "Name": "Skeleton Sniper"
  },
  {
    "Type": 292,
    "Name": "Tactical Skeleton"
  },
  {
    "Type": 293,
    "Name": "Skeleton Commando"
  },
  {
    "Type": 294,
    "Name": "Angry Bones"
  },
  {
    "Type": 295,
    "Name": "Angry Bones"
  },
  {
    "Type": 296,
    "Name": "Angry Bones"
  },
  {
    "Type": 297,
    "Name": "Blue Jay"
  },
  {
    "Type": 298,
    "Name": "Cardinal"
  },
  {
    "Type": 299,
    "Name": "Squirrel"
  },
  {
    "Type": 300,
    "Name": "Mouse"
  },
  {
    "Type": 301,
    "Name": "Raven"
  },
  {
    "Type": 302,
    "Name": "Slime"
  },
  {
    "Type": 303,
    "Name": "Bunny"
  },
  {
    "Type": 304,
    "Name": "Hoppin' Jack"
  },
  {
    "Type": 305,
    "Name": "Scarecrow"
  },
  {
    "Type": 306,
    "Name": "Scarecrow"
  },
  {
    "Type": 307,
    "Name": "Scarecrow"
  },
  {
    "Type": 308,
    "Name": "Scarecrow"
  },
  {
    "Type": 309,
    "Name": "Scarecrow"
  },
  {
    "Type": 310,
    "Name": "Scarecrow"
  },
  {
    "Type": 311,
    "Name": "Scarecrow"
  },
  {
    "Type": 312,
    "Name": "Scarecrow"
  },
  {
    "Type": 313,
    "Name": "Scarecrow"
  },
  {
    "Type": 314,
    "Name": "Scarecrow"
  },
  {
    "Type": 315,
    "Name": "Headless Horseman"
  },
  {
    "Type": 316,
    "Name": "Ghost"
  },
  {
    "Type": 317,
    "Name": "Demon Eye"
  },
  {
    "Type": 318,
    "Name": "Demon Eye"
  },
  {
    "Type": 319,
    "Name": "Zombie"
  },
  {
    "Type": 320,
    "Name": "Zombie"
  },
  {
    "Type": 321,
    "Name": "Zombie"
  },
  {
    "Type": 322,
    "Name": "Skeleton"
  },
  {
    "Type": 323,
    "Name": "Skeleton"
  },
  {
    "Type": 324,
    "Name": "Skeleton"
  },
  {
    "Type": 325,
    "Name": "Mourning Wood"
  },
  {
    "Type": 326,
    "Name": "Splinterling"
  },
  {
    "Type": 327,
    "Name": "Pumpking"
  },
  {
    "Type": 328,
    "Name": "Pumpking"
  },
  {
    "Type": 329,
    "Name": "Hellhound"
  },
  {
    "Type": 330,
    "Name": "Poltergeist"
  },
  {
    "Type": 331,
    "Name": "Zombie"
  },
  {
    "Type": 332,
    "Name": "Zombie"
  },
  {
    "Type": 333,
    "Name": "Slime"
  },
  {
    "Type": 334,
    "Name": "Slime"
  },
  {
    "Type": 335,
    "Name": "Slime"
  },
  {
    "Type": 336,
    "Name": "Slime"
  },
  {
    "Type": 337,
    "Name": "Bunny"
  },
  {
    "Type": 338,
    "Name": "Zombie Elf"
  },
  {
    "Type": 339,
    "Name": "Zombie Elf"
  },
  {
    "Type": 340,
    "Name": "Zombie Elf"
  },
  {
    "Type": 341,
    "Name": "Present Mimic"
  },
  {
    "Type": 342,
    "Name": "Gingerbread Man"
  },
  {
    "Type": 343,
    "Name": "Yeti"
  },
  {
    "Type": 344,
    "Name": "Everscream"
  },
  {
    "Type": 345,
    "Name": "Ice Queen"
  },
  {
    "Type": 346,
    "Name": "Santa-NK1"
  },
  {
    "Type": 347,
    "Name": "Elf Copter"
  },
  {
    "Type": 348,
    "Name": "Nutcracker"
  },
  {
    "Type": 349,
    "Name": "Nutcracker"
  },
  {
    "Type": 350,
    "Name": "Elf Archer"
  },
  {
    "Type": 351,
    "Name": "Krampus"
  },
  {
    "Type": 352,
    "Name": "Flocko"
  },
  {
    "Type": 353,
    "Name": "Stylist"
  },
  {
    "Type": 354,
    "Name": "Webbed Stylist"
  },
  {
    "Type": 355,
    "Name": "Firefly"
  },
  {
    "Type": 356,
    "Name": "Butterfly"
  },
  {
    "Type": 357,
    "Name": "Worm"
  },
  {
    "Type": 358,
    "Name": "Lightning Bug"
  },
  {
    "Type": 359,
    "Name": "Snail"
  },
  {
    "Type": 360,
    "Name": "Glowing Snail"
  },
  {
    "Type": 361,
    "Name": "Frog"
  },
  {
    "Type": 362,
    "Name": "Duck"
  },
  {
    "Type": 363,
    "Name": "Duck"
  },
  {
    "Type": 364,
    "Name": "Duck"
  },
  {
    "Type": 365,
    "Name": "Duck"
  },
  {
    "Type": 366,
    "Name": "Scorpion"
  },
  {
    "Type": 367,
    "Name": "Scorpion"
  },
  {
    "Type": 368,
    "Name": "Traveling Merchant"
  },
  {
    "Type": 369,
    "Name": "Angler"
  },
  {
    "Type": 370,
    "Name": "Duke Fishron"
  },
  {
    "Type": 371,
    "Name": "Detonating Bubble"
  },
  {
    "Type": 372,
    "Name": "Sharkron"
  },
  {
    "Type": 373,
    "Name": "Sharkron"
  },
  {
    "Type": 374,
    "Name": "Truffle Worm"
  },
  {
    "Type": 375,
    "Name": "Truffle Worm"
  },
  {
    "Type": 376,
    "Name": "Sleeping Angler"
  },
  {
    "Type": 377,
    "Name": "Grasshopper"
  },
  {
    "Type": 378,
    "Name": "Chattering Teeth Bomb"
  },
  {
    "Type": 379,
    "Name": "Cultist Archer"
  },
  {
    "Type": 380,
    "Name": "Cultist Archer"
  },
  {
    "Type": 381,
    "Name": "Brain Scrambler"
  },
  {
    "Type": 382,
    "Name": "Ray Gunner"
  },
  {
    "Type": 383,
    "Name": "Martian Officer"
  },
  {
    "Type": 384,
    "Name": "Bubble Shield"
  },
  {
    "Type": 385,
    "Name": "Gray Grunt"
  },
  {
    "Type": 386,
    "Name": "Martian Engineer"
  },
  {
    "Type": 387,
    "Name": "Tesla Turret"
  },
  {
    "Type": 388,
    "Name": "Martian Drone"
  },
  {
    "Type": 389,
    "Name": "Gigazapper"
  },
  {
    "Type": 390,
    "Name": "Scutlix Gunner"
  },
  {
    "Type": 391,
    "Name": "Scutlix"
  },
  {
    "Type": 392,
    "Name": "Martian Saucer"
  },
  {
    "Type": 393,
    "Name": "Martian Saucer Turret"
  },
  {
    "Type": 394,
    "Name": "Martian Saucer Cannon"
  },
  {
    "Type": 395,
    "Name": "Martian Saucer"
  },
  {
    "Type": 396,
    "Name": "Moon Lord"
  },
  {
    "Type": 397,
    "Name": "Moon Lord's Hand"
  },
  {
    "Type": 398,
    "Name": "Moon Lord's Core"
  },
  {
    "Type": 399,
    "Name": "Martian Probe"
  },
  {
    "Type": 400,
    "Name": "True Eye of Cthulhu"
  },
  {
    "Type": 401,
    "Name": "Moon Leech Clot"
  },
  {
    "Type": 402,
    "Name": "Milkyway Weaver"
  },
  {
    "Type": 403,
    "Name": "NPCName.StardustWormBody"
  },
  {
    "Type": 404,
    "Name": "NPCName.StardustWormTail"
  },
  {
    "Type": 405,
    "Name": "Star Cell"
  },
  {
    "Type": 406,
    "Name": "Star Cell"
  },
  {
    "Type": 407,
    "Name": "Flow Invader"
  },
  {
    "Type": 408,
    "Name": "NPCName.StardustJellyfishSmall"
  },
  {
    "Type": 409,
    "Name": "Twinkle Popper"
  },
  {
    "Type": 410,
    "Name": "Twinkle"
  },
  {
    "Type": 411,
    "Name": "Stargazer"
  },
  {
    "Type": 412,
    "Name": "Crawltipede"
  },
  {
    "Type": 413,
    "Name": "Crawltipede"
  },
  {
    "Type": 414,
    "Name": "Crawltipede"
  },
  {
    "Type": 415,
    "Name": "Drakomire"
  },
  {
    "Type": 416,
    "Name": "Drakomire Rider"
  },
  {
    "Type": 417,
    "Name": "Sroller"
  },
  {
    "Type": 418,
    "Name": "Corite"
  },
  {
    "Type": 419,
    "Name": "Selenian"
  },
  {
    "Type": 420,
    "Name": "Nebula Floater"
  },
  {
    "Type": 421,
    "Name": "Brain Suckler"
  },
  {
    "Type": 422,
    "Name": "Vortex Pillar"
  },
  {
    "Type": 423,
    "Name": "Evolution Beast"
  },
  {
    "Type": 424,
    "Name": "Predictor"
  },
  {
    "Type": 425,
    "Name": "Storm Diver"
  },
  {
    "Type": 426,
    "Name": "Alien Queen"
  },
  {
    "Type": 427,
    "Name": "Alien Hornet"
  },
  {
    "Type": 428,
    "Name": "Alien Larva"
  },
  {
    "Type": 429,
    "Name": "Vortexian"
  },
  {
    "Type": 430,
    "Name": "Zombie"
  },
  {
    "Type": 431,
    "Name": "Frozen Zombie"
  },
  {
    "Type": 432,
    "Name": "Zombie"
  },
  {
    "Type": 433,
    "Name": "Zombie"
  },
  {
    "Type": 434,
    "Name": "Zombie"
  },
  {
    "Type": 435,
    "Name": "Zombie"
  },
  {
    "Type": 436,
    "Name": "Zombie"
  },
  {
    "Type": 437,
    "Name": "Mysterious Tablet"
  },
  {
    "Type": 438,
    "Name": "Lunatic Devotee"
  },
  {
    "Type": 439,
    "Name": "Lunatic Cultist"
  },
  {
    "Type": 440,
    "Name": "Lunatic Cultist"
  },
  {
    "Type": 441,
    "Name": "Tax Collector"
  },
  {
    "Type": 442,
    "Name": "Gold Bird"
  },
  {
    "Type": 443,
    "Name": "Gold Bunny"
  },
  {
    "Type": 444,
    "Name": "Gold Butterfly"
  },
  {
    "Type": 445,
    "Name": "Gold Frog"
  },
  {
    "Type": 446,
    "Name": "Gold Grasshopper"
  },
  {
    "Type": 447,
    "Name": "Gold Mouse"
  },
  {
    "Type": 448,
    "Name": "Gold Worm"
  },
  {
    "Type": 449,
    "Name": "Skeleton"
  },
  {
    "Type": 450,
    "Name": "Skeleton"
  },
  {
    "Type": 451,
    "Name": "Skeleton"
  },
  {
    "Type": 452,
    "Name": "Skeleton"
  },
  {
    "Type": 453,
    "Name": "Skeleton Merchant"
  },
  {
    "Type": 454,
    "Name": "Phantasm Dragon"
  },
  {
    "Type": 455,
    "Name": "Phantasm Dragon"
  },
  {
    "Type": 456,
    "Name": "Phantasm Dragon"
  },
  {
    "Type": 457,
    "Name": "Phantasm Dragon"
  },
  {
    "Type": 458,
    "Name": "Phantasm Dragon"
  },
  {
    "Type": 459,
    "Name": "Phantasm Dragon"
  },
  {
    "Type": 460,
    "Name": "Butcher"
  },
  {
    "Type": 461,
    "Name": "Creature from the Deep"
  },
  {
    "Type": 462,
    "Name": "Fritz"
  },
  {
    "Type": 463,
    "Name": "Nailhead"
  },
  {
    "Type": 464,
    "Name": "Vicious Bunny"
  },
  {
    "Type": 465,
    "Name": "Vicious Goldfish"
  },
  {
    "Type": 466,
    "Name": "Psycho"
  },
  {
    "Type": 467,
    "Name": "Deadly Sphere"
  },
  {
    "Type": 468,
    "Name": "Dr. Man Fly"
  },
  {
    "Type": 469,
    "Name": "The Possessed"
  },
  {
    "Type": 470,
    "Name": "Vicious Penguin"
  },
  {
    "Type": 471,
    "Name": "Goblin Summoner"
  },
  {
    "Type": 472,
    "Name": "Shadowflame Apparition"
  },
  {
    "Type": 473,
    "Name": "Corrupt Mimic"
  },
  {
    "Type": 474,
    "Name": "Crimson Mimic"
  },
  {
    "Type": 475,
    "Name": "Hallowed Mimic"
  },
  {
    "Type": 476,
    "Name": "Jungle Mimic"
  },
  {
    "Type": 477,
    "Name": "Mothron"
  },
  {
    "Type": 478,
    "Name": "Mothron Egg"
  },
  {
    "Type": 479,
    "Name": "Baby Mothron"
  },
  {
    "Type": 480,
    "Name": "Medusa"
  },
  {
    "Type": 481,
    "Name": "Hoplite"
  },
  {
    "Type": 482,
    "Name": "Granite Golem"
  },
  {
    "Type": 483,
    "Name": "Granite Elemental"
  },
  {
    "Type": 484,
    "Name": "Enchanted Nightcrawler"
  },
  {
    "Type": 485,
    "Name": "Grubby"
  },
  {
    "Type": 486,
    "Name": "Sluggy"
  },
  {
    "Type": 487,
    "Name": "Buggy"
  },
  {
    "Type": 488,
    "Name": "Target Dummy"
  },
  {
    "Type": 489,
    "Name": "Blood Zombie"
  },
  {
    "Type": 490,
    "Name": "Drippler"
  },
  {
    "Type": 491,
    "Name": "Flying Dutchman"
  },
  {
    "Type": 492,
    "Name": "Dutchman Cannon"
  },
  {
    "Type": 493,
    "Name": "Stardust Pillar"
  },
  {
    "Type": 494,
    "Name": "Crawdad"
  },
  {
    "Type": 495,
    "Name": "Crawdad"
  },
  {
    "Type": 496,
    "Name": "Giant Shelly"
  },
  {
    "Type": 497,
    "Name": "Giant Shelly"
  },
  {
    "Type": 498,
    "Name": "Salamander"
  },
  {
    "Type": 499,
    "Name": "Salamander"
  },
  {
    "Type": 500,
    "Name": "Salamander"
  },
  {
    "Type": 501,
    "Name": "Salamander"
  },
  {
    "Type": 502,
    "Name": "Salamander"
  },
  {
    "Type": 503,
    "Name": "Salamander"
  },
  {
    "Type": 504,
    "Name": "Salamander"
  },
  {
    "Type": 505,
    "Name": "Salamander"
  },
  {
    "Type": 506,
    "Name": "Salamander"
  },
  {
    "Type": 507,
    "Name": "Nebula Pillar"
  },
  {
    "Type": 508,
    "Name": "Giant Antlion Charger"
  },
  {
    "Type": 509,
    "Name": "Giant Antlion Swarmer"
  },
  {
    "Type": 510,
    "Name": "Dune Splicer"
  },
  {
    "Type": 511,
    "Name": "Dune Splicer"
  },
  {
    "Type": 512,
    "Name": "Dune Splicer"
  },
  {
    "Type": 513,
    "Name": "Tomb Crawler"
  },
  {
    "Type": 514,
    "Name": "Tomb Crawler"
  },
  {
    "Type": 515,
    "Name": "Tomb Crawler"
  },
  {
    "Type": 516,
    "Name": "Solar Flare"
  },
  {
    "Type": 517,
    "Name": "Solar Pillar"
  },
  {
    "Type": 518,
    "Name": "Drakanian"
  },
  {
    "Type": 519,
    "Name": "Solar Fragment"
  },
  {
    "Type": 520,
    "Name": "Martian Walker"
  },
  {
    "Type": 521,
    "Name": "Ancient Vision"
  },
  {
    "Type": 522,
    "Name": "Ancient Light"
  },
  {
    "Type": 523,
    "Name": "Ancient Doom"
  },
  {
    "Type": 524,
    "Name": "Ghoul"
  },
  {
    "Type": 525,
    "Name": "Vile Ghoul"
  },
  {
    "Type": 526,
    "Name": "Tainted Ghoul"
  },
  {
    "Type": 527,
    "Name": "Dreamer Ghoul"
  },
  {
    "Type": 528,
    "Name": "Lamia"
  },
  {
    "Type": 529,
    "Name": "Lamia"
  },
  {
    "Type": 530,
    "Name": "Sand Poacher"
  },
  {
    "Type": 531,
    "Name": "Sand Poacher"
  },
  {
    "Type": 532,
    "Name": "Basilisk"
  },
  {
    "Type": 533,
    "Name": "Desert Spirit"
  },
  {
    "Type": 534,
    "Name": "Tortured Soul"
  },
  {
    "Type": 535,
    "Name": "Spiked Slime"
  },
  {
    "Type": 536,
    "Name": "The Bride"
  },
  {
    "Type": 537,
    "Name": "Sand Slime"
  },
  {
    "Type": 538,
    "Name": "Red Squirrel"
  },
  {
    "Type": 539,
    "Name": "Gold Squirrel"
  },
  {
    "Type": 540,
    "Name": "Bunny"
  },
  {
    "Type": 541,
    "Name": "Sand Elemental"
  },
  {
    "Type": 542,
    "Name": "Sand Shark"
  },
  {
    "Type": 543,
    "Name": "Bone Biter"
  },
  {
    "Type": 544,
    "Name": "Flesh Reaver"
  },
  {
    "Type": 545,
    "Name": "Crystal Thresher"
  },
  {
    "Type": 546,
    "Name": "Angry Tumbler"
  },
  {
    "Type": 547,
    "Name": "???"
  },
  {
    "Type": 548,
    "Name": "Eternia Crystal"
  },
  {
    "Type": 549,
    "Name": "Mysterious Portal"
  },
  {
    "Type": 550,
    "Name": "Tavernkeep"
  },
  {
    "Type": 551,
    "Name": "Betsy"
  },
  {
    "Type": 552,
    "Name": "Etherian Goblin"
  },
  {
    "Type": 553,
    "Name": "Etherian Goblin"
  },
  {
    "Type": 554,
    "Name": "Etherian Goblin"
  },
  {
    "Type": 555,
    "Name": "Etherian Goblin Bomber"
  },
  {
    "Type": 556,
    "Name": "Etherian Goblin Bomber"
  },
  {
    "Type": 557,
    "Name": "Etherian Goblin Bomber"
  },
  {
    "Type": 558,
    "Name": "Etherian Wyvern"
  },
  {
    "Type": 559,
    "Name": "Etherian Wyvern"
  },
  {
    "Type": 560,
    "Name": "Etherian Wyvern"
  },
  {
    "Type": 561,
    "Name": "Etherian Javelin Thrower"
  },
  {
    "Type": 562,
    "Name": "Etherian Javelin Thrower"
  },
  {
    "Type": 563,
    "Name": "Etherian Javelin Thrower"
  },
  {
    "Type": 564,
    "Name": "Dark Mage"
  },
  {
    "Type": 565,
    "Name": "Dark Mage"
  },
  {
    "Type": 566,
    "Name": "Old One's Skeleton"
  },
  {
    "Type": 567,
    "Name": "Old One's Skeleton"
  },
  {
    "Type": 568,
    "Name": "Wither Beast"
  },
  {
    "Type": 569,
    "Name": "Wither Beast"
  },
  {
    "Type": 570,
    "Name": "Drakin"
  },
  {
    "Type": 571,
    "Name": "Drakin"
  },
  {
    "Type": 572,
    "Name": "Kobold"
  },
  {
    "Type": 573,
    "Name": "Kobold"
  },
  {
    "Type": 574,
    "Name": "Kobold Glider"
  },
  {
    "Type": 575,
    "Name": "Kobold Glider"
  },
  {
    "Type": 576,
    "Name": "Ogre"
  },
  {
    "Type": 577,
    "Name": "Ogre"
  },
  {
    "Type": 578,
    "Name": "Etherian Lightning Bug"
  },
  {
    "Type": 579,
    "Name": "Unconscious Man"
  },
  {
    "Type": 580,
    "Name": "Antlion Charger"
  },
  {
    "Type": 581,
    "Name": "Antlion Swarmer"
  },
  {
    "Type": 582,
    "Name": "Antlion Larva"
  },
  {
    "Type": 583,
    "Name": "Pink Fairy"
  },
  {
    "Type": 584,
    "Name": "Green Fairy"
  },
  {
    "Type": 585,
    "Name": "Blue Fairy"
  },
  {
    "Type": 586,
    "Name": "Zombie Merman"
  },
  {
    "Type": 587,
    "Name": "Wandering Eye Fish"
  },
  {
    "Type": 588,
    "Name": "Golfer"
  },
  {
    "Type": 589,
    "Name": "Golfer"
  },
  {
    "Type": 590,
    "Name": "Zombie"
  },
  {
    "Type": 591,
    "Name": "Zombie"
  },
  {
    "Type": 592,
    "Name": "Gold Goldfish"
  },
  {
    "Type": 593,
    "Name": "Gold Goldfish"
  },
  {
    "Type": 594,
    "Name": "Windy Balloon"
  },
  {
    "Type": 595,
    "Name": "Dragonfly"
  },
  {
    "Type": 596,
    "Name": "Dragonfly"
  },
  {
    "Type": 597,
    "Name": "Dragonfly"
  },
  {
    "Type": 598,
    "Name": "Dragonfly"
  },
  {
    "Type": 599,
    "Name": "Dragonfly"
  },
  {
    "Type": 600,
    "Name": "Dragonfly"
  },
  {
    "Type": 601,
    "Name": "Gold Dragonfly"
  },
  {
    "Type": 602,
    "Name": "Seagull"
  },
  {
    "Type": 603,
    "Name": "Seagull"
  },
  {
    "Type": 604,
    "Name": "Ladybug"
  },
  {
    "Type": 605,
    "Name": "Gold Ladybug"
  },
  {
    "Type": 606,
    "Name": "Maggot"
  },
  {
    "Type": 607,
    "Name": "Pupfish"
  },
  {
    "Type": 608,
    "Name": "Grebe"
  },
  {
    "Type": 609,
    "Name": "Grebe"
  },
  {
    "Type": 610,
    "Name": "Rat"
  },
  {
    "Type": 611,
    "Name": "Owl"
  },
  {
    "Type": 612,
    "Name": "Water Strider"
  },
  {
    "Type": 613,
    "Name": "Gold Water Strider"
  },
  {
    "Type": 614,
    "Name": "Explosive Bunny"
  },
  {
    "Type": 615,
    "Name": "Dolphin"
  },
  {
    "Type": 616,
    "Name": "Turtle"
  },
  {
    "Type": 617,
    "Name": "Jungle Turtle"
  },
  {
    "Type": 618,
    "Name": "Dreadnautilus"
  },
  {
    "Type": 619,
    "Name": "Blood Squid"
  },
  {
    "Type": 620,
    "Name": "Hemogoblin Shark"
  },
  {
    "Type": 621,
    "Name": "Blood Eel"
  },
  {
    "Type": 622,
    "Name": "Blood Eel"
  },
  {
    "Type": 623,
    "Name": "Blood Eel"
  },
  {
    "Type": 624,
    "Name": "Gnome"
  },
  {
    "Type": 625,
    "Name": "Sea Turtle"
  },
  {
    "Type": 626,
    "Name": "Seahorse"
  },
  {
    "Type": 627,
    "Name": "Gold Seahorse"
  },
  {
    "Type": 628,
    "Name": "Angry Dandelion"
  },
  {
    "Type": 629,
    "Name": "Ice Mimic"
  },
  {
    "Type": 630,
    "Name": "Blood Mummy"
  },
  {
    "Type": 631,
    "Name": "Rock Golem"
  },
  {
    "Type": 632,
    "Name": "Maggot Zombie"
  },
  {
    "Type": 633,
    "Name": "Zoologist"
  },
  {
    "Type": 634,
    "Name": "Spore Bat"
  },
  {
    "Type": 635,
    "Name": "Spore Skeleton"
  },
  {
    "Type": 636,
    "Name": "Empress of Light"
  },
  {
    "Type": 637,
    "Name": "Cat"
  },
  {
    "Type": 638,
    "Name": "Dog"
  },
  {
    "Type": 639,
    "Name": "Amethyst Squirrel"
  },
  {
    "Type": 640,
    "Name": "Topaz Squirrel"
  },
  {
    "Type": 641,
    "Name": "Sapphire Squirrel"
  },
  {
    "Type": 642,
    "Name": "Emerald Squirrel"
  },
  {
    "Type": 643,
    "Name": "Ruby Squirrel"
  },
  {
    "Type": 644,
    "Name": "Diamond Squirrel"
  },
  {
    "Type": 645,
    "Name": "Amber Squirrel"
  },
  {
    "Type": 646,
    "Name": "Amethyst Bunny"
  },
  {
    "Type": 647,
    "Name": "Topaz Bunny"
  },
  {
    "Type": 648,
    "Name": "Sapphire Bunny"
  },
  {
    "Type": 649,
    "Name": "Emerald Bunny"
  },
  {
    "Type": 650,
    "Name": "Ruby Bunny"
  },
  {
    "Type": 651,
    "Name": "Diamond Bunny"
  },
  {
    "Type": 652,
    "Name": "Amber Bunny"
  },
  {
    "Type": 653,
    "Name": "Hell Butterfly"
  },
  {
    "Type": 654,
    "Name": "Lavafly"
  },
  {
    "Type": 655,
    "Name": "Magma Snail"
  },
  {
    "Type": 656,
    "Name": "Bunny"
  },
  {
    "Type": 657,
    "Name": "Queen Slime"
  },
  {
    "Type": 658,
    "Name": "Crystal Slime"
  },
  {
    "Type": 659,
    "Name": "Bouncy Slime"
  },
  {
    "Type": 660,
    "Name": "Heavenly Slime"
  },
  {
    "Type": 661,
    "Name": "Prismatic Lacewing"
  },
  {
    "Type": 662,
    "Name": "Pirate's Curse"
  },
  {
    "Type": 663,
    "Name": "Princess"
  },
  {
    "Type": 664,
    "Name": "The Torch God"
  },
  {
    "Type": 665,
    "Name": "Chaos Ball"
  },
  {
    "Type": 666,
    "Name": "Vile Spit"
  }
]